project_id,town,feature_id,feature_name,alternative_names,feature_type,designation_type,statutory_status,evidence_scope,geometry_type,longitude,latitude,location_type,location_confidence,current_date_text,current_date_basis,current_date_confidence,published_review_status,primary_source_organisation,primary_source_name,primary_source_record_id,primary_source_url,source_accessed_at,all_source_record_ids,review_notes,review_action
biggar-scotland,Biggar,nrhe:48641,BIGGAR,,archaeological_site,NRHE / trove.scot record,,parish_evidence,Point,-3.529432045737108,55.62063278745578,site_centroid,medium,,unknown,unknown,unreviewed,Historic Environment Scotland,Historic Environment Scotland NRHE / trove.scot Points GIS,48641,https://www.trove.scot/place/48641,2026-07-31T15:50:05.711Z,48641,Imported from the official NRHE spatial index. This GIS record does not provide a construction date; review the linked trove.scot record before adding timeline evidence.,Check the linked source for an explicit date or supported date range; do not infer a construction date from a current map or generic classification.
biggar-scotland,Biggar,nrhe:199161,"BIGGAR CHURCH, GATES AND GATE-PIERS","ST MARY'S CHURCH, BIGGAR KIRK",archaeological_site,NRHE / trove.scot record,,parish_evidence,Point,-3.525624417043301,55.624813953820166,site_centroid,medium,,unknown,unknown,unreviewed,Historic Environment Scotland,Historic Environment Scotland NRHE / trove.scot Points GIS,199161,https://www.trove.scot/place/199161,2026-07-31T15:50:05.711Z,199161,Imported from the official NRHE spatial index. This GIS record does not provide a construction date; review the linked trove.scot record before adding timeline evidence.,Check the linked source for an explicit date or supported date range; do not infer a construction date from a current map or generic classification.
biggar-scotland,Biggar,nrhe:199088,"BIGGAR, 1 NORTH BACK ROAD, STEWART COTTAGE",,archaeological_site,NRHE / trove.scot record,,parish_evidence,Point,-3.525299952190103,55.62463826213222,site_centroid,medium,,unknown,unknown,unreviewed,Historic Environment Scotland,Historic Environment Scotland NRHE / trove.scot Points GIS,199088,https://www.trove.scot/place/199088,2026-07-31T15:50:05.711Z,199088,Imported from the official NRHE spatial index. This GIS record does not provide a construction date; review the linked trove.scot record before adding timeline evidence.,Check the linked source for an explicit date or supported date range; do not infer a construction date from a current map or generic classification.
biggar-scotland,Biggar,nrhe:199021,"BIGGAR, 1 WEIR COURT","BUILDINGS TO REAR OF 136 - 138 HIGH STREET, BACKLANDS",archaeological_site,NRHE / trove.scot record,,parish_evidence,Point,-3.520879948561966,55.624513428729685,site_centroid,medium,,unknown,unknown,unreviewed,Historic Environment Scotland,Historic Environment Scotland NRHE / trove.scot Points GIS,199021,https://www.trove.scot/place/199021,2026-07-31T15:50:05.711Z,199021,Imported from the official NRHE spatial index. This GIS record does not provide a construction date; review the linked trove.scot record before adding timeline evidence.,Check the linked source for an explicit date or supported date range; do not infer a construction date from a current map or generic classification.
biggar-scotland,Biggar,nrhe:199093,"BIGGAR, 1, 3 PARK PLACE, SCOTTISH MILL SHOP",,archaeological_site,NRHE / trove.scot record,,parish_evidence,Point,-3.528383890519635,55.622263405854454,site_centroid,medium,,unknown,unknown,unreviewed,Historic Environment Scotland,Historic Environment Scotland NRHE / trove.scot Points GIS,199093,https://www.trove.scot/place/199093,2026-07-31T15:50:05.711Z,199093,Imported from the official NRHE spatial index. This GIS record does not provide a construction date; review the linked trove.scot record before adding timeline evidence.,Check the linked source for an explicit date or supported date range; do not infer a construction date from a current map or generic classification.
biggar-scotland,Biggar,nrhe:198971,"BIGGAR, 12 EDINBURGH ROAD",,archaeological_site,NRHE / trove.scot record,,parish_evidence,Point,-3.5179223803682294,55.626886527311626,site_centroid,medium,,unknown,unknown,unreviewed,Historic Environment Scotland,Historic Environment Scotland NRHE / trove.scot Points GIS,198971,https://www.trove.scot/place/198971,2026-07-31T15:50:05.711Z,198971,Imported from the official NRHE spatial index. This GIS record does not provide a construction date; review the linked trove.scot record before adding timeline evidence.,Check the linked source for an explicit date or supported date range; do not infer a construction date from a current map or generic classification.
biggar-scotland,Biggar,nrhe:243486,"BIGGAR, 120 HIGH STREET",,archaeological_site,NRHE / trove.scot record,,parish_evidence,Point,-3.522259467162818,55.62404699400586,site_centroid,medium,,unknown,unknown,unreviewed,Historic Environment Scotland,Historic Environment Scotland NRHE / trove.scot Points GIS,243486,https://www.trove.scot/place/243486,2026-07-31T15:50:05.711Z,243486,Imported from the official NRHE spatial index. This GIS record does not provide a construction date; review the linked trove.scot record before adding timeline evidence.,Check the linked source for an explicit date or supported date range; do not infer a construction date from a current map or generic classification.
biggar-scotland,Biggar,nrhe:81180,"BIGGAR, 13 CROFTFOOT TERRACE",,archaeological_site,NRHE / trove.scot record,,parish_evidence,Point,-3.529233521839122,55.62369063635804,site_centroid,medium,,unknown,unknown,unreviewed,Historic Environment Scotland,Historic Environment Scotland NRHE / trove.scot Points GIS,81180,https://www.trove.scot/place/81180,2026-07-31T15:50:05.711Z,81180,Imported from the official NRHE spatial index. This GIS record does not provide a construction date; review the linked trove.scot record before adding timeline evidence.,Check the linked source for an explicit date or supported date range; do not infer a construction date from a current map or generic classification.
biggar-scotland,Biggar,nrhe:198968,"BIGGAR, 13 EDINBURGH ROAD, WOODVILLE",,archaeological_site,NRHE / trove.scot record,,parish_evidence,Point,-3.5188609923323786,55.626515451786204,site_centroid,medium,,unknown,unknown,unreviewed,Historic Environment Scotland,Historic Environment Scotland NRHE / trove.scot Points GIS,198968,https://www.trove.scot/place/198968,2026-07-31T15:50:05.711Z,198968,Imported from the official NRHE spatial index. This GIS record does not provide a construction date; review the linked trove.scot record before adding timeline evidence.,Check the linked source for an explicit date or supported date range; do not infer a construction date from a current map or generic classification.
biggar-scotland,Biggar,nrhe:151341,"BIGGAR, 13-17 STATION ROAD, FACTORY","13, 15, 17, BALLGREEN ROAD, SAXONY",archaeological_site,NRHE / trove.scot record,,parish_evidence,Point,-3.5272378278309056,55.621379045056514,site_centroid,medium,,unknown,unknown,unreviewed,Historic Environment Scotland,Historic Environment Scotland NRHE / trove.scot Points GIS,151341,https://www.trove.scot/place/151341,2026-07-31T15:50:05.711Z,151341,Imported from the official NRHE spatial index. This GIS record does not provide a construction date; review the linked trove.scot record before adding timeline evidence.,Check the linked source for an explicit date or supported date range; do not infer a construction date from a current map or generic classification.
biggar-scotland,Biggar,nrhe:198994,"BIGGAR, 14 COULTER ROAD, SOUTH PARK",HOTEL,archaeological_site,NRHE / trove.scot record,,parish_evidence,Point,-3.531971657073458,55.62060108739294,site_centroid,medium,,unknown,unknown,unreviewed,Historic Environment Scotland,Historic Environment Scotland NRHE / trove.scot Points GIS,198994,https://www.trove.scot/place/198994,2026-07-31T15:50:05.711Z,198994,Imported from the official NRHE spatial index. This GIS record does not provide a construction date; review the linked trove.scot record before adding timeline evidence.,Check the linked source for an explicit date or supported date range; do not infer a construction date from a current map or generic classification.
biggar-scotland,Biggar,nrhe:198972,"BIGGAR, 14, 16 EDINBURGH ROAD",,archaeological_site,NRHE / trove.scot record,,parish_evidence,Point,-3.5176118204712594,55.62707009804702,site_centroid,medium,,unknown,unknown,unreviewed,Historic Environment Scotland,Historic Environment Scotland NRHE / trove.scot Points GIS,198972,https://www.trove.scot/place/198972,2026-07-31T15:50:05.711Z,198972,Imported from the official NRHE spatial index. This GIS record does not provide a construction date; review the linked trove.scot record before adding timeline evidence.,Check the linked source for an explicit date or supported date range; do not infer a construction date from a current map or generic classification.
biggar-scotland,Biggar,nrhe:198752,"BIGGAR, 145  HIGH STREET, ELPHINSTONE HOTEL",,archaeological_site,NRHE / trove.scot record,,parish_evidence,Point,-3.5220703089170455,55.624903047701636,site_centroid,medium,,unknown,unknown,unreviewed,Historic Environment Scotland,Historic Environment Scotland NRHE / trove.scot Points GIS,198752,https://www.trove.scot/place/198752,2026-07-31T15:50:05.711Z,198752,Imported from the official NRHE spatial index. This GIS record does not provide a construction date; review the linked trove.scot record before adding timeline evidence.,Check the linked source for an explicit date or supported date range; do not infer a construction date from a current map or generic classification.
biggar-scotland,Biggar,nrhe:198969,"BIGGAR, 15, 17 EDINBURGH ROAD",,archaeological_site,NRHE / trove.scot record,,parish_evidence,Point,-3.518864467205491,55.62660527244859,site_centroid,medium,,unknown,unknown,unreviewed,Historic Environment Scotland,Historic Environment Scotland NRHE / trove.scot Points GIS,198969,https://www.trove.scot/place/198969,2026-07-31T15:50:05.711Z,198969,Imported from the official NRHE spatial index. This GIS record does not provide a construction date; review the linked trove.scot record before adding timeline evidence.,Check the linked source for an explicit date or supported date range; do not infer a construction date from a current map or generic classification.
biggar-scotland,Biggar,nrhe:198785,"BIGGAR, 172 HIGH STREET, STANE COTTAGE",,archaeological_site,NRHE / trove.scot record,,parish_evidence,Point,-3.5191298368100306,55.6252540299905,site_centroid,medium,,unknown,unknown,unreviewed,Historic Environment Scotland,Historic Environment Scotland NRHE / trove.scot Points GIS,198785,https://www.trove.scot/place/198785,2026-07-31T15:50:05.711Z,198785,Imported from the official NRHE spatial index. This GIS record does not provide a construction date; review the linked trove.scot record before adding timeline evidence.,Check the linked source for an explicit date or supported date range; do not infer a construction date from a current map or generic classification.
biggar-scotland,Biggar,nrhe:198888,"BIGGAR, 2 CROFTFOOT TERRACE, CRETA COTTAGE",,archaeological_site,NRHE / trove.scot record,,parish_evidence,Point,-3.52937476742788,55.6232395554854,site_centroid,medium,,unknown,unknown,unreviewed,Historic Environment Scotland,Historic Environment Scotland NRHE / trove.scot Points GIS,198888,https://www.trove.scot/place/198888,2026-07-31T15:50:05.711Z,198888,Imported from the official NRHE spatial index. This GIS record does not provide a construction date; review the linked trove.scot record before adding timeline evidence.,Check the linked source for an explicit date or supported date range; do not infer a construction date from a current map or generic classification.
biggar-scotland,Biggar,nrhe:317852,"BIGGAR, 2 MANSE DRIVE",GILLESPIE MANSE,archaeological_site,NRHE / trove.scot record,,parish_evidence,Point,-3.5145844517851463,55.62476208142431,site_centroid,medium,,unknown,unknown,unreviewed,Historic Environment Scotland,Historic Environment Scotland NRHE / trove.scot Points GIS,317852,https://www.trove.scot/place/317852,2026-07-31T15:50:05.711Z,317852,Imported from the official NRHE spatial index. This GIS record does not provide a construction date; review the linked trove.scot record before adding timeline evidence.,Check the linked source for an explicit date or supported date range; do not infer a construction date from a current map or generic classification.
biggar-scotland,Biggar,nrhe:48689,"BIGGAR, 23 HIGH STREET",MOAT COTTAGE,archaeological_site,NRHE / trove.scot record,,parish_evidence,Point,-3.5272147058613164,55.622826141557525,site_centroid,medium,,unknown,unknown,unreviewed,Historic Environment Scotland,Historic Environment Scotland NRHE / trove.scot Points GIS,48689,https://www.trove.scot/place/48689,2026-07-31T15:50:05.711Z,48689,Imported from the official NRHE spatial index. This GIS record does not provide a construction date; review the linked trove.scot record before adding timeline evidence.,Check the linked source for an explicit date or supported date range; do not infer a construction date from a current map or generic classification.
biggar-scotland,Biggar,nrhe:198607,"BIGGAR, 27 HIGH STREET",,archaeological_site,NRHE / trove.scot record,,parish_evidence,Point,-3.5269328251491125,55.62292850187153,site_centroid,medium,,unknown,unknown,unreviewed,Historic Environment Scotland,Historic Environment Scotland NRHE / trove.scot Points GIS,198607,https://www.trove.scot/place/198607,2026-07-31T15:50:05.711Z,198607,Imported from the official NRHE spatial index. This GIS record does not provide a construction date; review the linked trove.scot record before adding timeline evidence.,Check the linked source for an explicit date or supported date range; do not infer a construction date from a current map or generic classification.
biggar-scotland,Biggar,nrhe:140876,"BIGGAR, 3 JOHN STREET",,archaeological_site,NRHE / trove.scot record,,parish_evidence,Point,-3.521317466154561,55.62432827455926,site_centroid,medium,,unknown,unknown,unreviewed,Historic Environment Scotland,Historic Environment Scotland NRHE / trove.scot Points GIS,140876,https://www.trove.scot/place/140876,2026-07-31T15:50:05.711Z,140876,Imported from the official NRHE spatial index. This GIS record does not provide a construction date; review the linked trove.scot record before adding timeline evidence.,Check the linked source for an explicit date or supported date range; do not infer a construction date from a current map or generic classification.
biggar-scotland,Biggar,nrhe:199068,"BIGGAR, 3 NORTH BACK ROAD, CHURCH HALL",KIRKSTYLE,archaeological_site,NRHE / trove.scot record,,parish_evidence,Point,-3.524989444710616,55.624821851306436,site_centroid,medium,,unknown,unknown,unreviewed,Historic Environment Scotland,Historic Environment Scotland NRHE / trove.scot Points GIS,199068,https://www.trove.scot/place/199068,2026-07-31T15:50:05.711Z,199068,Imported from the official NRHE spatial index. This GIS record does not provide a construction date; review the linked trove.scot record before adding timeline evidence.,Check the linked source for an explicit date or supported date range; do not infer a construction date from a current map or generic classification.
biggar-scotland,Biggar,nrhe:199087,"BIGGAR, 33 NORTH BACK ROAD, CROFT COTTAGE",,archaeological_site,NRHE / trove.scot record,,parish_evidence,Point,-3.521369671309179,55.62567558329052,site_centroid,medium,,unknown,unknown,unreviewed,Historic Environment Scotland,Historic Environment Scotland NRHE / trove.scot Points GIS,199087,https://www.trove.scot/place/199087,2026-07-31T15:50:05.711Z,199087,Imported from the official NRHE spatial index. This GIS record does not provide a construction date; review the linked trove.scot record before adding timeline evidence.,Check the linked source for an explicit date or supported date range; do not infer a construction date from a current map or generic classification.
biggar-scotland,Biggar,nrhe:198890,"BIGGAR, 5 CROFTFOOT COTTAGE",,archaeological_site,NRHE / trove.scot record,,parish_evidence,Point,-3.5292195291395534,55.62333135525919,site_centroid,medium,,unknown,unknown,unreviewed,Historic Environment Scotland,Historic Environment Scotland NRHE / trove.scot Points GIS,198890,https://www.trove.scot/place/198890,2026-07-31T15:50:05.711Z,198890,Imported from the official NRHE spatial index. This GIS record does not provide a construction date; review the linked trove.scot record before adding timeline evidence.,Check the linked source for an explicit date or supported date range; do not infer a construction date from a current map or generic classification.
biggar-scotland,Biggar,nrhe:198970,"BIGGAR, 8 EDINBURGH ROAD",,archaeological_site,NRHE / trove.scot record,,parish_evidence,Point,-3.5180741861299434,55.626704920961075,site_centroid,medium,,unknown,unknown,unreviewed,Historic Environment Scotland,Historic Environment Scotland NRHE / trove.scot Points GIS,198970,https://www.trove.scot/place/198970,2026-07-31T15:50:05.711Z,198970,Imported from the official NRHE spatial index. This GIS record does not provide a construction date; review the linked trove.scot record before adding timeline evidence.,Check the linked source for an explicit date or supported date range; do not infer a construction date from a current map or generic classification.
biggar-scotland,Biggar,nrhe:283897,"BIGGAR, 8 SOUTH BANK ROAD",,archaeological_site,NRHE / trove.scot record,,parish_evidence,Point,-3.519730051186476,55.624347956275,site_centroid,medium,,unknown,unknown,unreviewed,Historic Environment Scotland,Historic Environment Scotland NRHE / trove.scot Points GIS,283897,https://www.trove.scot/place/283897,2026-07-31T15:50:05.711Z,283897,Imported from the official NRHE spatial index. This GIS record does not provide a construction date; review the linked trove.scot record before adding timeline evidence.,Check the linked source for an explicit date or supported date range; do not infer a construction date from a current map or generic classification.
biggar-scotland,Biggar,nrhe:151566,"BIGGAR, BIGGAR MILL ROAD, FORD",,archaeological_site,NRHE / trove.scot record,,parish_evidence,Point,-3.526611798784878,55.62570030502257,site_centroid,medium,,unknown,unknown,unreviewed,Historic Environment Scotland,Historic Environment Scotland NRHE / trove.scot Points GIS,151566,https://www.trove.scot/place/151566,2026-07-31T15:50:05.711Z,151566,Imported from the official NRHE spatial index. This GIS record does not provide a construction date; review the linked trove.scot record before adding timeline evidence.,Check the linked source for an explicit date or supported date range; do not infer a construction date from a current map or generic classification.
biggar-scotland,Biggar,nrhe:198984,"BIGGAR, BROUGHTON ROAD, GENERAL",,archaeological_site,NRHE / trove.scot record,,parish_evidence,Point,-3.5157753753416023,55.62475635400597,site_centroid,medium,,unknown,unknown,unreviewed,Historic Environment Scotland,Historic Environment Scotland NRHE / trove.scot Points GIS,198984,https://www.trove.scot/place/198984,2026-07-31T15:50:05.711Z,198984,Imported from the official NRHE spatial index. This GIS record does not provide a construction date; review the linked trove.scot record before adding timeline evidence.,Check the linked source for an explicit date or supported date range; do not infer a construction date from a current map or generic classification.
biggar-scotland,Biggar,nrhe:198990,"BIGGAR, COULTER ROAD, GENERAL",,archaeological_site,NRHE / trove.scot record,,parish_evidence,Point,-3.530705353217081,55.62070676424926,site_centroid,medium,,unknown,unknown,unreviewed,Historic Environment Scotland,Historic Environment Scotland NRHE / trove.scot Points GIS,198990,https://www.trove.scot/place/198990,2026-07-31T15:50:05.711Z,198990,Imported from the official NRHE spatial index. This GIS record does not provide a construction date; review the linked trove.scot record before adding timeline evidence.,Check the linked source for an explicit date or supported date range; do not infer a construction date from a current map or generic classification.
biggar-scotland,Biggar,nrhe:198894,"BIGGAR, CROFTFOOT TERRACE, CROFTFOOT COTTAGE",,archaeological_site,NRHE / trove.scot record,,parish_evidence,Point,-3.529000660988688,55.62382833568667,site_centroid,medium,,unknown,unknown,unreviewed,Historic Environment Scotland,Historic Environment Scotland NRHE / trove.scot Points GIS,198894,https://www.trove.scot/place/198894,2026-07-31T15:50:05.711Z,198894,Imported from the official NRHE spatial index. This GIS record does not provide a construction date; review the linked trove.scot record before adding timeline evidence.,Check the linked source for an explicit date or supported date range; do not infer a construction date from a current map or generic classification.
biggar-scotland,Biggar,nrhe:292505,"BIGGAR, EDINBURGH ROAD",,archaeological_site,NRHE / trove.scot record,,parish_evidence,Point,-3.5189339687880317,55.62840168538851,site_centroid,medium,,unknown,unknown,unreviewed,Historic Environment Scotland,Historic Environment Scotland NRHE / trove.scot Points GIS,292505,https://www.trove.scot/place/292505,2026-07-31T15:50:05.711Z,292505,Imported from the official NRHE spatial index. This GIS record does not provide a construction date; review the linked trove.scot record before adding timeline evidence.,Check the linked source for an explicit date or supported date range; do not infer a construction date from a current map or generic classification.
biggar-scotland,Biggar,nrhe:351918,"BIGGAR, EDINBURGH ROAD",,archaeological_site,NRHE / trove.scot record,,parish_evidence,Point,-3.521886233785422,55.62752935357826,site_centroid,medium,,unknown,unknown,unreviewed,Historic Environment Scotland,Historic Environment Scotland NRHE / trove.scot Points GIS,351918,https://www.trove.scot/place/351918,2026-07-31T15:50:05.711Z,351918,Imported from the official NRHE spatial index. This GIS record does not provide a construction date; review the linked trove.scot record before adding timeline evidence.,Check the linked source for an explicit date or supported date range; do not infer a construction date from a current map or generic classification.
biggar-scotland,Biggar,nrhe:167119,"BIGGAR, HIGH STREET",,archaeological_site,NRHE / trove.scot record,,parish_evidence,Point,-3.5197717714265537,55.625425804076364,site_centroid,medium,,unknown,unknown,unreviewed,Historic Environment Scotland,Historic Environment Scotland NRHE / trove.scot Points GIS,167119,https://www.trove.scot/place/167119,2026-07-31T15:50:05.711Z,167119,Imported from the official NRHE spatial index. This GIS record does not provide a construction date; review the linked trove.scot record before adding timeline evidence.,Check the linked source for an explicit date or supported date range; do not infer a construction date from a current map or generic classification.
biggar-scotland,Biggar,nrhe:198806,"BIGGAR, HIGH STREET, GENERAL",,archaeological_site,NRHE / trove.scot record,,parish_evidence,Point,-3.5222733965749176,55.62440627622602,site_centroid,medium,,unknown,unknown,unreviewed,Historic Environment Scotland,Historic Environment Scotland NRHE / trove.scot Points GIS,198806,https://www.trove.scot/place/198806,2026-07-31T15:50:05.711Z,198806,Imported from the official NRHE spatial index. This GIS record does not provide a construction date; review the linked trove.scot record before adding timeline evidence.,Check the linked source for an explicit date or supported date range; do not infer a construction date from a current map or generic classification.
biggar-scotland,Biggar,nrhe:276630,"BIGGAR, HIGH STREET, NEW BRIDGE","MAIN STREET, NELSON BRIDGE",archaeological_site,NRHE / trove.scot record,,parish_evidence,Point,-3.5278949650457707,55.622350375890434,site_centroid,medium,,unknown,unknown,unreviewed,Historic Environment Scotland,Historic Environment Scotland NRHE / trove.scot Points GIS,276630,https://www.trove.scot/place/276630,2026-07-31T15:50:05.711Z,276630,Imported from the official NRHE spatial index. This GIS record does not provide a construction date; review the linked trove.scot record before adding timeline evidence.,Check the linked source for an explicit date or supported date range; do not infer a construction date from a current map or generic classification.
biggar-scotland,Biggar,nrhe:199050,"BIGGAR, HOWIESON SQUARE, GENERAL",,archaeological_site,NRHE / trove.scot record,,parish_evidence,Point,-3.5207138099063737,55.625144535225175,site_centroid,medium,,unknown,unknown,unreviewed,Historic Environment Scotland,Historic Environment Scotland NRHE / trove.scot Points GIS,199050,https://www.trove.scot/place/199050,2026-07-31T15:50:05.711Z,199050,Imported from the official NRHE spatial index. This GIS record does not provide a construction date; review the linked trove.scot record before adding timeline evidence.,Check the linked source for an explicit date or supported date range; do not infer a construction date from a current map or generic classification.
biggar-scotland,Biggar,nrhe:199167,"BIGGAR, JAMES SQUARE, GENERAL",SMITH'S CLOSE,archaeological_site,NRHE / trove.scot record,,parish_evidence,Point,-3.5226117788833133,55.624941258148475,site_centroid,medium,,unknown,unknown,unreviewed,Historic Environment Scotland,Historic Environment Scotland NRHE / trove.scot Points GIS,199167,https://www.trove.scot/place/199167,2026-07-31T15:50:05.711Z,199167,Imported from the official NRHE spatial index. This GIS record does not provide a construction date; review the linked trove.scot record before adding timeline evidence.,Check the linked source for an explicit date or supported date range; do not infer a construction date from a current map or generic classification.
biggar-scotland,Biggar,nrhe:199070,"BIGGAR, KIRKSTYLE, STORE",,archaeological_site,NRHE / trove.scot record,,parish_evidence,Point,-3.525744766087735,55.623823954450614,site_centroid,medium,,unknown,unknown,unreviewed,Historic Environment Scotland,Historic Environment Scotland NRHE / trove.scot Points GIS,199070,https://www.trove.scot/place/199070,2026-07-31T15:50:05.711Z,199070,Imported from the official NRHE spatial index. This GIS record does not provide a construction date; review the linked trove.scot record before adding timeline evidence.,Check the linked source for an explicit date or supported date range; do not infer a construction date from a current map or generic classification.
biggar-scotland,Biggar,nrhe:218389,"BIGGAR, LINDSAYLANDS ROAD, GENERAL",,archaeological_site,NRHE / trove.scot record,,parish_evidence,Point,-3.5315011086168657,55.621972897074116,site_centroid,medium,,unknown,unknown,unreviewed,Historic Environment Scotland,Historic Environment Scotland NRHE / trove.scot Points GIS,218389,https://www.trove.scot/place/218389,2026-07-31T15:50:05.711Z,218389,Imported from the official NRHE spatial index. This GIS record does not provide a construction date; review the linked trove.scot record before adding timeline evidence.,Check the linked source for an explicit date or supported date range; do not infer a construction date from a current map or generic classification.
biggar-scotland,Biggar,nrhe:218221,"BIGGAR, MID ROAD, GENERAL",,archaeological_site,NRHE / trove.scot record,,parish_evidence,Point,-3.5155557843094978,55.62606209103132,site_centroid,medium,,unknown,unknown,unreviewed,Historic Environment Scotland,Historic Environment Scotland NRHE / trove.scot Points GIS,218221,https://www.trove.scot/place/218221,2026-07-31T15:50:05.711Z,218221,Imported from the official NRHE spatial index. This GIS record does not provide a construction date; review the linked trove.scot record before adding timeline evidence.,Check the linked source for an explicit date or supported date range; do not infer a construction date from a current map or generic classification.
biggar-scotland,Biggar,nrhe:199085,"BIGGAR, NORTH BACK ROAD, COTTAGES",,archaeological_site,NRHE / trove.scot record,,parish_evidence,Point,-3.5212074443410555,55.62558773190655,site_centroid,medium,,unknown,unknown,unreviewed,Historic Environment Scotland,Historic Environment Scotland NRHE / trove.scot Points GIS,199085,https://www.trove.scot/place/199085,2026-07-31T15:50:05.711Z,199085,Imported from the official NRHE spatial index. This GIS record does not provide a construction date; review the linked trove.scot record before adding timeline evidence.,Check the linked source for an explicit date or supported date range; do not infer a construction date from a current map or generic classification.
biggar-scotland,Biggar,nrhe:218226,"BIGGAR, NORTH BACK ROAD, MOAT PARK CHURCH, STABLES AND STORE",,archaeological_site,NRHE / trove.scot record,,parish_evidence,Point,-3.5250904471317526,55.624559990236115,site_centroid,medium,,unknown,unknown,unreviewed,Historic Environment Scotland,Historic Environment Scotland NRHE / trove.scot Points GIS,218226,https://www.trove.scot/place/218226,2026-07-31T15:50:05.711Z,218226,Imported from the official NRHE spatial index. This GIS record does not provide a construction date; review the linked trove.scot record before adding timeline evidence.,Check the linked source for an explicit date or supported date range; do not infer a construction date from a current map or generic classification.
biggar-scotland,Biggar,nrhe:199195,"BIGGAR, SOUTH CROFTS ROAD, GENERAL",SOUTHCROFTS ROAD,archaeological_site,NRHE / trove.scot record,,parish_evidence,Point,-3.5199640849259444,55.62218832565328,site_centroid,medium,,unknown,unknown,unreviewed,Historic Environment Scotland,Historic Environment Scotland NRHE / trove.scot Points GIS,199195,https://www.trove.scot/place/199195,2026-07-31T15:50:05.711Z,199195,Imported from the official NRHE spatial index. This GIS record does not provide a construction date; review the linked trove.scot record before adding timeline evidence.,Check the linked source for an explicit date or supported date range; do not infer a construction date from a current map or generic classification.
biggar-scotland,Biggar,nrhe:70830,"BIGGAR, THE CAMB",,archaeological_site,NRHE / trove.scot record,,parish_evidence,Point,-3.529149570381429,55.62153494941207,site_centroid,medium,,unknown,unknown,unreviewed,Historic Environment Scotland,Historic Environment Scotland NRHE / trove.scot Points GIS,70830,https://www.trove.scot/place/70830,2026-07-31T15:50:05.711Z,70830,Imported from the official NRHE spatial index. This GIS record does not provide a construction date; review the linked trove.scot record before adding timeline evidence.,Check the linked source for an explicit date or supported date range; do not infer a construction date from a current map or generic classification.
biggar-scotland,Biggar,nrhe:48678,ROWHEAD FARM,,archaeological_site,NRHE / trove.scot record,,parish_evidence,Point,-3.527909734282116,55.626403052152455,site_centroid,medium,,unknown,unknown,unreviewed,Historic Environment Scotland,Historic Environment Scotland NRHE / trove.scot Points GIS,48678,https://www.trove.scot/place/48678,2026-07-31T15:50:05.711Z,48678,Imported from the official NRHE spatial index. This GIS record does not provide a construction date; review the linked trove.scot record before adding timeline evidence.,Check the linked source for an explicit date or supported date range; do not infer a construction date from a current map or generic classification.
biggar-scotland,Biggar,hes-conservation-area:CA391,BIGGAR,,conservation_area,CONSERVATION AREA,CONSERVATION AREA,parish_evidence,Polygon,,,exact,high,,unknown,unknown,unreviewed,Historic Environment Scotland,Historic Environment Scotland Designations GIS,CA391,https://www.southlanarkshire.gov.uk/info/200216/conservation_areas/35/conservation_areas,2026-07-31T15:49:42.630Z,CA391 | PIC113,Current statutory designation geometry. This designation does not establish the construction date of every asset within it.,Check the linked source for an explicit date or supported date range; do not infer a construction date from a current map or generic classification.
biggar-scotland,Biggar,hes-listed-building:LB22209,"151-153 High Street, Biggar",,other,Listed Building,Listed Building,parish_evidence,Point,-3.5216427452519947,55.62493531262585,representative_point,high,,unknown,unknown,unreviewed,Historic Environment Scotland,Historic Environment Scotland Listed Buildings spatial data,LB22209,https://portal.historicenvironment.scot/designation/LB22209,2026-07-31T15:49:40.620Z,LB22209 | 198643,Imported from the HES national Listed Buildings spatial data. Statutory listing and location are authoritative; construction-date review remains separate. NRHE record linked by matching point location; review if it represents a distinct asset.,Check the linked source for an explicit date or supported date range; do not infer a construction date from a current map or generic classification.
biggar-scotland,Biggar,hes-listed-building:LB22180,"45 High Street, Biggar",,other,Listed Building,Listed Building,parish_evidence,Point,-3.526470237114358,55.623284729786874,representative_point,high,,unknown,unknown,unreviewed,Historic Environment Scotland,Historic Environment Scotland Listed Buildings spatial data,LB22180,https://portal.historicenvironment.scot/designation/LB22180,2026-07-31T15:49:40.620Z,LB22180 | 198616,Imported from the HES national Listed Buildings spatial data. Statutory listing and location are authoritative; construction-date review remains separate. NRHE record linked by matching point location; review if it represents a distinct asset.,Check the linked source for an explicit date or supported date range; do not infer a construction date from a current map or generic classification.
biggar-scotland,Biggar,hes-listed-building:LB22183,"51 High Street, Biggar",,other,Listed Building,Listed Building,parish_evidence,Point,-3.5263788358295844,55.623384717690755,representative_point,high,,unknown,unknown,unreviewed,Historic Environment Scotland,Historic Environment Scotland Listed Buildings spatial data,LB22183,https://portal.historicenvironment.scot/designation/LB22183,2026-07-31T15:49:40.620Z,LB22183 | 198742,Imported from the HES national Listed Buildings spatial data. Statutory listing and location are authoritative; construction-date review remains separate. NRHE record linked by matching point location; review if it represents a distinct asset.,Check the linked source for an explicit date or supported date range; do not infer a construction date from a current map or generic classification.
biggar-scotland,Biggar,hes-listed-building:LB22193,"79 High Street, Biggar","Municipal Offices, 77 High Street, Biggar",other,Listed Building,Listed Building,parish_evidence,Point,-3.524310867280961,55.62452475055723,representative_point,high,,unknown,unknown,unreviewed,Historic Environment Scotland,Historic Environment Scotland Listed Buildings spatial data,LB22193,https://portal.historicenvironment.scot/designation/LB22193,2026-07-31T15:49:40.620Z,LB22193 | 240565,Imported from the HES national Listed Buildings spatial data. Statutory listing and location are authoritative; construction-date review remains separate. NRHE record linked by matching point location; review if it represents a distinct asset.,Check the linked source for an explicit date or supported date range; do not infer a construction date from a current map or generic classification.
biggar-scotland,Biggar,hes-listed-building:LB22173,"Cadger's Brig, Biggar",,other,Listed Building,Listed Building,parish_evidence,Point,-3.5279992923708354,55.622582722144244,representative_point,high,,unknown,unknown,unreviewed,Historic Environment Scotland,Historic Environment Scotland Listed Buildings spatial data,LB22173,https://portal.historicenvironment.scot/designation/LB22173,2026-07-31T15:49:40.620Z,LB22173 | 48646,Imported from the HES national Listed Buildings spatial data. Statutory listing and location are authoritative; construction-date review remains separate. NRHE record linked by matching point location; review if it represents a distinct asset.,Check the linked source for an explicit date or supported date range; do not infer a construction date from a current map or generic classification.
biggar-scotland,Biggar,hes-listed-building:LB22240,"Corn Exchange, High Street, Biggar",,other,Listed Building,Listed Building,parish_evidence,Point,-3.5216546521139955,55.62442294142633,representative_point,high,,unknown,unknown,unreviewed,Historic Environment Scotland,Historic Environment Scotland Listed Buildings spatial data,LB22240,https://portal.historicenvironment.scot/designation/LB22240,2026-07-31T15:49:40.620Z,LB22240 | 198739,Imported from the HES national Listed Buildings spatial data. Statutory listing and location are authoritative; construction-date review remains separate. NRHE record linked by matching point location; review if it represents a distinct asset.,Check the linked source for an explicit date or supported date range; do not infer a construction date from a current map or generic classification.
biggar-scotland,Biggar,hes-listed-building:LB22196,"In Wynd To Rear Of 81 And 83, High Street, Biggar",,other,Listed Building,Listed Building,parish_evidence,Point,-3.524416225668467,55.62478404600651,representative_point,high,,unknown,unknown,unreviewed,Historic Environment Scotland,Historic Environment Scotland Listed Buildings spatial data,LB22196,https://portal.historicenvironment.scot/designation/LB22196,2026-07-31T15:49:40.620Z,LB22196 | 199207,Imported from the HES national Listed Buildings spatial data. Statutory listing and location are authoritative; construction-date review remains separate. NRHE record linked by matching point location; review if it represents a distinct asset.,Check the linked source for an explicit date or supported date range; do not infer a construction date from a current map or generic classification.
biggar-scotland,Biggar,hes-listed-building:LB22259,"Moat Park Church, Kirkstyle, Biggar",,other,Listed Building,Listed Building,parish_evidence,Point,-3.526442198264053,55.62460607735443,representative_point,high,,unknown,unknown,unreviewed,Historic Environment Scotland,Historic Environment Scotland Listed Buildings spatial data,LB22259,https://portal.historicenvironment.scot/designation/LB22259,2026-07-31T15:49:40.620Z,LB22259 | 175794,Imported from the HES national Listed Buildings spatial data. Statutory listing and location are authoritative; construction-date review remains separate. NRHE record linked by matching point location; review if it represents a distinct asset.,Check the linked source for an explicit date or supported date range; do not infer a construction date from a current map or generic classification.
biggar-scotland,Biggar,hes-scheduled-monument:SM2643,"Gillespie Moat,motte,Parkmanse Garden",,scheduled_monument,Scheduled Monument,Scheduled Monument,parish_evidence,Polygon,,,exact,high,,unknown,unknown,unreviewed,Historic Environment Scotland,Historic Environment Scotland Designations GIS,SM2643,https://portal.historicenvironment.scot/designation/SM2643,2026-07-31T15:49:42.630Z,SM2643,Current statutory designation geometry. This designation does not establish the construction date of every asset within it.,Check the linked source for an explicit date or supported date range; do not infer a construction date from a current map or generic classification.
biggar-scotland,Biggar,hes-scheduled-monument:SM5492,"Prehistoric settlement and enclosure, 65m ENE of 21 Colliehill Road, Biggar",,scheduled_monument,Scheduled Monument,Scheduled Monument,parish_evidence,Polygon,,,exact,high,,unknown,unknown,unreviewed,Historic Environment Scotland,Historic Environment Scotland Designations GIS,SM5492,https://portal.historicenvironment.scot/designation/SM5492,2026-07-31T15:49:42.630Z,SM5492,Current statutory designation geometry. This designation does not establish the construction date of every asset within it.,Check the linked source for an explicit date or supported date range; do not infer a construction date from a current map or generic classification.
