project_id,town,selection_class,hes_designation_reference,feature_id,listed_building_title,statutory_title,category,designation_type,statutory_status,longitude,latitude,location_precision,documented_date,date_basis,date_confidence,source_url,source_accessed_at,source_attribution
linlithgow-scotland,Linlithgow,inside_locality,LB7474,hes-listed-building:LB7474,"Burgh Mills House, Burgh Mills Lane, Linlithgow Bridge","BURGH MILL LANE, BURGH MILL HOUSE AND ADJOINING OUTBUILDING",Category C,Listed Building,Listed Building,-3.6311461610632763,55.97465885575544,high,Late 18th century,estimated_from_authoritative_source,medium,https://portal.historicenvironment.scot/designation/LB7474,2026-07-31T22:47:50.134Z,Historic Environment Scotland
linlithgow-scotland,Linlithgow,heritage_buffer,LB7475,hes-listed-building:LB7475,Burghmuir Steading,BURGHMUIR FARMHOUSE AND STEADING WITH HORSEMILL,Category C,Listed Building,Listed Building,-3.569319710566412,55.98492390558792,high,Farm steading complex dating from the late 18th to early 19th century,estimated_from_authoritative_source,medium,https://portal.historicenvironment.scot/designation/LB7475,2026-07-31T22:47:50.134Z,Historic Environment Scotland
linlithgow-scotland,Linlithgow,inside_locality,LB7483,hes-listed-building:LB7483,"Longcroft House, Longcroft Gardens, Linlithgow","FALKIRK ROAD, LONGCROFT HOUSE",Category B,Listed Building,Listed Building,-3.617348493768269,55.9777342193639,high,"Probably David Bryce, circa 1850, additions circa 1868",estimated_from_authoritative_source,medium,https://portal.historicenvironment.scot/designation/LB7483,2026-07-31T22:47:50.134Z,Historic Environment Scotland
linlithgow-scotland,Linlithgow,inside_locality,LB12976,hes-listed-building:LB12976,"Chalmers Cottages, 6 Main Street, Linlithgow Bridge","LINLITHGOW BRIDGE, 2-14 (EVEN  NOS) MAIN STREET, CHALMERS COTTAGES",Category B,Listed Building,Listed Building,-3.6261147307068744,55.976199064633974,high,"Sir Robert Lorimer, 1907",estimated_from_authoritative_source,medium,https://portal.historicenvironment.scot/designation/LB12976,2026-07-31T22:47:50.134Z,Historic Environment Scotland
linlithgow-scotland,Linlithgow,inside_locality,LB12977,hes-listed-building:LB12977,"Chalmers Hall, Main Street, Linlithgow Bridge","LINLITHGOW BRIDGE, MAIN STREET, PUBLIC HALL (COMMUNITY CENTRE)",Category B,Listed Building,Listed Building,-3.6263849437576376,55.975764167758584,high,"Sir Robert Lorimer, 1907",estimated_from_authoritative_source,medium,https://portal.historicenvironment.scot/designation/LB12977,2026-07-31T22:47:50.134Z,Historic Environment Scotland
linlithgow-scotland,Linlithgow,inside_locality,LB12983,hes-listed-building:LB12983,"Preston House, Preston Road, Linlithgow",PRESTON HOUSE INCLUDING SCREEN WALL AND COACH ARCHWAY,Category A,Listed Building,Listed Building,-3.6103170774696314,55.965111043974346,high,"William Burn and David Bryce, 1844",estimated_from_authoritative_source,medium,https://portal.historicenvironment.scot/designation/LB12983,2026-07-31T22:47:50.134Z,Historic Environment Scotland
linlithgow-scotland,Linlithgow,inside_locality,LB12984,hes-listed-building:LB12984,"Lodge, Preston House, Preston Road, Linlithgow",PRESTON HOUSE LODGE WITH GATES AND GATEPIERS,Category B,Listed Building,Listed Building,-3.605029843534482,55.96626733994565,high,"Atributed to David bryce, circa 1844",estimated_from_authoritative_source,medium,https://portal.historicenvironment.scot/designation/LB12984,2026-07-31T22:47:50.134Z,Historic Environment Scotland
linlithgow-scotland,Linlithgow,heritage_buffer,LB12985,hes-listed-building:LB12985,"Avon Viaduct, River Avon, Linlithgow","RIVER AVON, EDINBURGH TO GLASGOW RAILWAY VIADUCT",Category A,Listed Building,Listed Building,-3.6334399189423285,55.97470934845143,high,"Grainger and Miller engineers, 1842",estimated_from_authoritative_source,medium,https://portal.historicenvironment.scot/designation/LB12985,2026-07-31T22:47:50.134Z,Historic Environment Scotland
linlithgow-scotland,Linlithgow,heritage_buffer,LB15325,hes-listed-building:LB15325,"Bridge Inn, Linlithgow Bridge","COTTAGES AND PUBLIC HOUSE, LINLITHGOW BRIDGE.",Category B,Listed Building,Listed Building,-3.6313352760744184,55.97686692642675,high,18th century - 19th century,estimated_from_authoritative_source,medium,https://portal.historicenvironment.scot/designation/LB15325,2026-07-31T22:47:50.134Z,Historic Environment Scotland
linlithgow-scotland,Linlithgow,heritage_buffer,LB15326,hes-listed-building:LB15326,Avon Viaduct,AVON VIADUCT,Category A,Listed Building,Listed Building,-3.635306923024149,55.97490025345239,medium,Opened 1842,documented_construction,high,https://portal.historicenvironment.scot/designation/LB15326,2026-07-31T22:47:50.134Z,Historic Environment Scotland
linlithgow-scotland,Linlithgow,inside_locality,LB37354,hes-listed-building:LB37354,"Back Station Road Aqueduct, Union Canal, Linlithgow","BACK STATION ROAD, EDINBURGH AND GLASGOW UNION CANAL AQUEDUCT",Category B,Listed Building,Listed Building,-3.595011891591492,55.975895646286084,high,"Hugh Baird enginer, circa 1820",estimated_from_authoritative_source,medium,https://portal.historicenvironment.scot/designation/LB37354,2026-07-31T22:47:50.134Z,Historic Environment Scotland
linlithgow-scotland,Linlithgow,inside_locality,LB37355,hes-listed-building:LB37355,"Ashley Hall, Ashley Hall Gardens, Linlithgow","BATHGATE ROAD, ASHLEY HALL",Category B,Listed Building,Listed Building,-3.611704644780523,55.97497755530465,high,Early 20th century,estimated_from_authoritative_source,medium,https://portal.historicenvironment.scot/designation/LB37355,2026-07-31T22:47:50.134Z,Historic Environment Scotland
linlithgow-scotland,Linlithgow,inside_locality,LB37356,hes-listed-building:LB37356,"Baron's Hill, Bell's Burn, Linlithgow","BELL'S BURN, BARON'S HILL",Category B,Listed Building,Listed Building,-3.592418661834936,55.97869687235955,high,W Scott 1913,estimated_from_authoritative_source,medium,https://portal.historicenvironment.scot/designation/LB37356,2026-07-31T22:47:50.134Z,Historic Environment Scotland
linlithgow-scotland,Linlithgow,inside_locality,LB37357,hes-listed-building:LB37357,"Boghall Lodge, Blackness Road, Linlithgow","BLACKNESS ROAD, BOGHALL LODGE",Category B,Listed Building,Listed Building,-3.579976482452983,55.98406887938639,high,Mid 19th century,estimated_from_authoritative_source,medium,https://portal.historicenvironment.scot/designation/LB37357,2026-07-31T22:47:50.134Z,Historic Environment Scotland
linlithgow-scotland,Linlithgow,inside_locality,LB37358,hes-listed-building:LB37358,"Linlithgow Academy, Blackness Road, Linlithgow","BLACKNESS ROAD, LOW PORT PRIMARY SCHOOL, (FORMER LINLITHGOW ACADEMY)",Category B,Listed Building,Listed Building,-3.5965570640976057,55.9783917218348,high,"J Graham Fairley, 1900, later additions circa 1930 to rear",estimated_from_authoritative_source,medium,https://portal.historicenvironment.scot/designation/LB37358,2026-07-31T22:47:50.134Z,Historic Environment Scotland
linlithgow-scotland,Linlithgow,inside_locality,LB37359,hes-listed-building:LB37359,"St Michael's Church And Presbytery, 53 Blackness Road, Linlithgow","BLACKNESS ROAD, ST MICHAEL'S CHURCH AND PRESBYTERY (ROMAN CATHOLIC)",Category B,Listed Building,Listed Building,-3.594778543933355,55.97879216162799,high,"Pugin and Pugin , 1887, enlarged 1893, internal modernisation by J A Coia, 1952",estimated_from_authoritative_source,medium,https://portal.historicenvironment.scot/designation/LB37359,2026-07-31T22:47:50.134Z,Historic Environment Scotland
linlithgow-scotland,Linlithgow,heritage_buffer,LB37360,hes-listed-building:LB37360,"Walled Garden, Bonnytoun House, Linlithgow",BONNYTOUN HOUSE WITH WALLED GARDEN AND ORNAMENTAL STACK,Category B,Listed Building,Listed Building,-3.586274372341339,55.9855964765989,high,"Attributed to Thomas Hamilton, circa 1840",estimated_from_authoritative_source,medium,https://portal.historicenvironment.scot/designation/LB37360,2026-07-31T22:47:50.134Z,Historic Environment Scotland
linlithgow-scotland,Linlithgow,inside_locality,LB37361,hes-listed-building:LB37361,"Bridge No. 46, Footbridge, Union Canal, Linlithgow","BRAEHEAD, EDINBURGH AND GLASGOW UNION CANAL BRIDGE 46",Category B,Listed Building,Listed Building,-3.6135670968798643,55.96851917234907,high,"Hugh Baird engineer, circa 1820",estimated_from_authoritative_source,medium,https://portal.historicenvironment.scot/designation/LB37361,2026-07-31T22:47:50.134Z,Historic Environment Scotland
linlithgow-scotland,Linlithgow,inside_locality,LB37362,hes-listed-building:LB37362,"Town House, The Cross, Linlithgow","THE CROSS AND KIRKGATE, BURGH HALLS (FORMER TOWN HOUSE AND OLD COUNTY HALL)",Category A,Listed Building,Listed Building,-3.6005554449295136,55.97741429896922,high,"Burgh Halls comprising town house and old county hall, merged 1962, see also Kirkgate, Burgh Halls (former Old County Hall) listed separately",estimated_from_authoritative_source,medium,https://portal.historicenvironment.scot/designation/LB37362,2026-07-31T22:47:50.134Z,Historic Environment Scotland
linlithgow-scotland,Linlithgow,inside_locality,LB37363,hes-listed-building:LB37363,"Cross House, 5 The Cross, Linlithgow","5 THE CROSS, CROSS HOUSE",Category A,Listed Building,Listed Building,-3.601144764203392,55.97732576966194,high,Circa 1700 more than doubled in size by mid 18th century addition,estimated_from_authoritative_source,medium,https://portal.historicenvironment.scot/designation/LB37363,2026-07-31T22:47:50.134Z,Historic Environment Scotland
linlithgow-scotland,Linlithgow,inside_locality,LB37364,hes-listed-building:LB37364,"11 The Cross, Linlithgow",11 THE CROSS,Category C,Listed Building,Listed Building,-3.6002295241125863,55.97728374109957,high,Earlier 19th century,estimated_from_authoritative_source,medium,https://portal.historicenvironment.scot/designation/LB37364,2026-07-31T22:47:50.134Z,Historic Environment Scotland
linlithgow-scotland,Linlithgow,inside_locality,LB37365,hes-listed-building:LB37365,"12 The Cross, Linlithgow",12 THE CROSS,Category C,Listed Building,Listed Building,-3.6002116516521263,55.977239043069545,high,"Later 19th century, Reconstructed 1968",estimated_from_authoritative_source,medium,https://portal.historicenvironment.scot/designation/LB37365,2026-07-31T22:47:50.134Z,Historic Environment Scotland
linlithgow-scotland,Linlithgow,inside_locality,LB37366,hes-listed-building:LB37366,"13-14 The Cross, Linlithgow","13, 14 THE CROSS",Category C,Listed Building,Listed Building,-3.6000980436719767,55.977204574094806,high,Later 19th century,estimated_from_authoritative_source,medium,https://portal.historicenvironment.scot/designation/LB37366,2026-07-31T22:47:50.134Z,Historic Environment Scotland
linlithgow-scotland,Linlithgow,inside_locality,LB37367,hes-listed-building:LB37367,"Cross Well, The Cross, Linlithgow","THE CROSS, CROSS WELL WITH PEDESTAL AND COMMEMORATIVE STONE",Category B,Listed Building,Listed Building,-3.6005908835771923,55.97710831402073,high,"Robert Gray, stonemason, 1807",estimated_from_authoritative_source,medium,https://portal.historicenvironment.scot/designation/LB37367,2026-07-31T22:47:50.134Z,Historic Environment Scotland
linlithgow-scotland,Linlithgow,inside_locality,LB37368,hes-listed-building:LB37368,"Edinburgh Road Aqueduct, Union Canal, Linlithgow","EDINBURGH ROAD, EDINBURGH AND GLASGOW UNION CANAL AQUEDUCT",Category B,Listed Building,Listed Building,-3.5847422210178577,55.97596523290968,high,"Hugh Baird, Engineer, Circa 1820",estimated_from_authoritative_source,medium,https://portal.historicenvironment.scot/designation/LB37368,2026-07-31T22:47:50.134Z,Historic Environment Scotland
linlithgow-scotland,Linlithgow,inside_locality,LB37369,hes-listed-building:LB37369,"Rosebank Villa, Edinburgh Road, Linlithgow","EDINBURGH ROAD, ROSEBANK",Category C,Listed Building,Listed Building,-3.5862222279212967,55.976494338090674,high,1884,estimated_from_authoritative_source,medium,https://portal.historicenvironment.scot/designation/LB37369,2026-07-31T22:47:50.134Z,Historic Environment Scotland
linlithgow-scotland,Linlithgow,inside_locality,LB37370,hes-listed-building:LB37370,"3-4 St Magdalene's, St Magdalene's Distillery, Edinburgh Road, Linlithgow","EDINBURGH ROAD, ST MAGDALENE'S DISTILLERY EAST BARNS",Category C,Listed Building,Listed Building,-3.5911480931209874,55.97663751594914,high,Earlier 19th century (altered 1989 for residential use),estimated_from_authoritative_source,medium,https://portal.historicenvironment.scot/designation/LB37370,2026-07-31T22:47:50.134Z,Historic Environment Scotland
linlithgow-scotland,Linlithgow,inside_locality,LB37371,hes-listed-building:LB37371,"Malting Barn And Double Kiln, St Magdalene's Distillery, Edinburgh Road, Linlithgow","EDINBURGH ROAD, ST MAGDALENE'S DISTILLERY MALTING BARN AND DOUBLE KILN",Category C,Listed Building,Listed Building,-3.5924250697663647,55.976513189994584,high,MALTING BARN: 1880,estimated_from_authoritative_source,medium,https://portal.historicenvironment.scot/designation/LB37371,2026-07-31T22:47:50.134Z,Historic Environment Scotland
linlithgow-scotland,Linlithgow,inside_locality,LB37372,hes-listed-building:LB37372,"Gate-Piers And Boundary Wall, Longcroft House, Longcroft Garden, Linlithgow","FALKIRK ROAD, LONGCROFT HOUSE GATEPIERS AND BOUNDARY WALL",Category C,Listed Building,Listed Building,-3.6130580219646102,55.975921354585864,high,Circa 1850,estimated_from_authoritative_source,medium,https://portal.historicenvironment.scot/designation/LB37372,2026-07-31T22:47:50.134Z,Historic Environment Scotland
linlithgow-scotland,Linlithgow,inside_locality,LB37373,hes-listed-building:LB37373,"St Ninian's Church, Falkirk Road, Linlithgow","FALKIRK ROAD, ST NINIAN'S CRAIGMAILEN CHURCH,BOUNDARY WALL AND GATEPIERS",Category B,Listed Building,Listed Building,-3.6137184640650513,55.97600256863518,high,"1874, S aisle added and semi-0ctagonal hall incorporated in 1901",estimated_from_authoritative_source,medium,https://portal.historicenvironment.scot/designation/LB37373,2026-07-31T22:47:50.134Z,Historic Environment Scotland
linlithgow-scotland,Linlithgow,inside_locality,LB37374,hes-listed-building:LB37374,"Westerpark, Falkirk Road, Linlithgow","FALKIRK ROAD, WESTERPARK WITH FORMER COACH-HOUSE",Category C,Listed Building,Listed Building,-3.6146365286723663,55.97534354835757,high,Late 19th century,estimated_from_authoritative_source,medium,https://portal.historicenvironment.scot/designation/LB37374,2026-07-31T22:47:50.134Z,Historic Environment Scotland
linlithgow-scotland,Linlithgow,inside_locality,LB37375,hes-listed-building:LB37375,"Douglas Cottage, Friars Brae, Linlithgow","FRIARSBRAE, DOUGLAS COTTAGE (FORMER DOUGLAS COTTAGE SCHOOL)",Category B,Listed Building,Listed Building,-3.6016167642604997,55.974399178707706,high,Earlier 19th century,estimated_from_authoritative_source,medium,https://portal.historicenvironment.scot/designation/LB37375,2026-07-31T22:47:50.134Z,Historic Environment Scotland
linlithgow-scotland,Linlithgow,inside_locality,LB37376,hes-listed-building:LB37376,"Bridge No. 44, Union Canal, Linlithgow","FRIARSBRAE, EDINBURGH AND GLASGOW UNION CANAL BRIDGE 44",Category B,Listed Building,Listed Building,-3.6026570984800084,55.97436768151143,high,"Hugh Baird engineer, circa 1820",estimated_from_authoritative_source,medium,https://portal.historicenvironment.scot/designation/LB37376,2026-07-31T22:47:50.134Z,Historic Environment Scotland
linlithgow-scotland,Linlithgow,inside_locality,LB37377,hes-listed-building:LB37377,"Rivaldsgreen, Friars Brae, Linlithgow","FRIARSBRAE, RIVALDSGREEN HOUSE WITH GATEPIERS AND BOUNDARY WALLS",Category B,Listed Building,Listed Building,-3.603178367830037,55.972635583624275,high,"School of William burn, earlier 19th centruy, addition of canted bays circa 1860",estimated_from_authoritative_source,medium,https://portal.historicenvironment.scot/designation/LB37377,2026-07-31T22:47:50.134Z,Historic Environment Scotland
linlithgow-scotland,Linlithgow,inside_locality,LB37378,hes-listed-building:LB37378,"Coach House, Rivaldsgreen, Friars Brae, Linlithgow","FRIARSBRAE, RIVALDSGREEN COACH HOUSE",Category C,Listed Building,Listed Building,-3.6028897112297265,55.97263035254624,high,"Coach house shown by the 1st edition Ordnance Survey map, 1856",present_by,medium,https://portal.historicenvironment.scot/designation/LB37378,2026-07-31T22:47:50.134Z,Historic Environment Scotland
linlithgow-scotland,Linlithgow,inside_locality,LB37379,hes-listed-building:LB37379,"Rosemount, Friars Brae, Linlithgow","FRIARSBRAE, ROSEMOUNT",Category B,Listed Building,Listed Building,-3.6011448611678833,55.974225590408906,high,Earlier 19th century,estimated_from_authoritative_source,medium,https://portal.historicenvironment.scot/designation/LB37379,2026-07-31T22:47:50.134Z,Historic Environment Scotland
linlithgow-scotland,Linlithgow,inside_locality,LB37380,hes-listed-building:LB37380,"Victoria Place, Friars Brae, Linlithgow","FRIARSBRAE, VICTORIA PLACE WITH BOUNDARY WALLS",Category B,Listed Building,Listed Building,-3.6020265115410846,55.97423210424976,high,Earlier 19th century,estimated_from_authoritative_source,medium,https://portal.historicenvironment.scot/designation/LB37380,2026-07-31T22:47:50.134Z,Historic Environment Scotland
linlithgow-scotland,Linlithgow,inside_locality,LB37381,hes-listed-building:LB37381,"Star And Garter Hotel, 1 High Street, Linlithgow","1 HIGH STREET, THE STAR AND GARTER HOTEL",Category B,Listed Building,Listed Building,-3.596292317144569,55.97663389275275,high,Mid 18th century,estimated_from_authoritative_source,medium,https://portal.historicenvironment.scot/designation/LB37381,2026-07-31T22:47:50.134Z,Historic Environment Scotland
linlithgow-scotland,Linlithgow,inside_locality,LB37382,hes-listed-building:LB37382,"9, 11, 13, 15 High Street, Linlithgow",9-17 AND 19-21 (ODD NOS) HIGH STREET,Category B,Listed Building,Listed Building,-3.596914780195315,55.976571912381075,high,1886,estimated_from_authoritative_source,medium,https://portal.historicenvironment.scot/designation/LB37382,2026-07-31T22:47:50.134Z,Historic Environment Scotland
linlithgow-scotland,Linlithgow,inside_locality,LB37383,hes-listed-building:LB37383,"St Michael's Well, High Street, Linlithgow","HIGH STREET, ST MICHAEL'S WELL",Category A,Listed Building,Listed Building,-3.5974165068910726,55.976691214220395,high,1720,estimated_from_authoritative_source,medium,https://portal.historicenvironment.scot/designation/LB37383,2026-07-31T22:47:50.134Z,Historic Environment Scotland
linlithgow-scotland,Linlithgow,inside_locality,LB37384,hes-listed-building:LB37384,"23 High Street, Linlithgow",23 HIGH STREET,Category C,Listed Building,Listed Building,-3.5975711277291222,55.976554419681534,high,1885,estimated_from_authoritative_source,medium,https://portal.historicenvironment.scot/designation/LB37384,2026-07-31T22:47:50.134Z,Historic Environment Scotland
linlithgow-scotland,Linlithgow,inside_locality,LB37385,hes-listed-building:LB37385,"Post Office, 29-31 High Street, Linlithgow","29, 31 HIGH STREET POST OFFICE",Category B,Listed Building,Listed Building,-3.597842314076312,55.97652394586143,high,"W W Robertson, 1903",estimated_from_authoritative_source,medium,https://portal.historicenvironment.scot/designation/LB37385,2026-07-31T22:47:50.134Z,Historic Environment Scotland
linlithgow-scotland,Linlithgow,inside_locality,LB37386,hes-listed-building:LB37386,"33-37 High Street, Linlithgow",33-37 (ODD NOS) HIGH STREET,Category C,Listed Building,Listed Building,-3.5982118275787127,55.97654611242741,high,Earlier 19th century,estimated_from_authoritative_source,medium,https://portal.historicenvironment.scot/designation/LB37386,2026-07-31T22:47:50.134Z,Historic Environment Scotland
linlithgow-scotland,Linlithgow,inside_locality,LB37387,hes-listed-building:LB37387,"39-41 High Street, Linlithgow","39,41 HIGH STREET",Category B,Listed Building,Listed Building,-3.5984219075123973,55.97658831791329,high,Earlier 19th century,estimated_from_authoritative_source,medium,https://portal.historicenvironment.scot/designation/LB37387,2026-07-31T22:47:50.134Z,Historic Environment Scotland
linlithgow-scotland,Linlithgow,inside_locality,LB37388,hes-listed-building:LB37388,"43-47 High Street, Linlithgow",43-47 (ODD NOS) HIGH STREET,Category B,Listed Building,Listed Building,-3.598758275130158,55.97658395469706,high,"Late 18th century, doorpiece added post 1815",estimated_from_authoritative_source,medium,https://portal.historicenvironment.scot/designation/LB37388,2026-07-31T22:47:50.134Z,Historic Environment Scotland
linlithgow-scotland,Linlithgow,inside_locality,LB37389,hes-listed-building:LB37389,"49-51 High Street, Linlithgow","49, 51 HIGH STREET",Category B,Listed Building,Listed Building,-3.5989039151451334,55.976618009305895,high,Later 19th century,estimated_from_authoritative_source,medium,https://portal.historicenvironment.scot/designation/LB37389,2026-07-31T22:47:50.134Z,Historic Environment Scotland
linlithgow-scotland,Linlithgow,inside_locality,LB37390,hes-listed-building:LB37390,"Royal Bank Of Scotland, 53-55 High Street, Linlithgow","53, 55 HIGH STREET WITH GATEWAYS, GATEPIERS, GATES AND RAILINGS THE ROYAL BANK OF SCOTLAND",Category B,Listed Building,Listed Building,-3.5991456605851764,55.976650816711185,high,"David Rhind, 1859",estimated_from_authoritative_source,medium,https://portal.historicenvironment.scot/designation/LB37390,2026-07-31T22:47:50.134Z,Historic Environment Scotland
linlithgow-scotland,Linlithgow,inside_locality,LB37391,hes-listed-building:LB37391,"57 High Street, Linlithgow","57, 59 HIGH STREET",Category C,Listed Building,Listed Building,-3.5993199997783716,55.97660362425536,high,1883,estimated_from_authoritative_source,medium,https://portal.historicenvironment.scot/designation/LB37391,2026-07-31T22:47:50.134Z,Historic Environment Scotland
linlithgow-scotland,Linlithgow,inside_locality,LB37392,hes-listed-building:LB37392,"59-61 High Street, Linlithgow",61 HIGH STREET,Category C,Listed Building,Listed Building,-3.599454442601372,55.97675464177739,high,1870,estimated_from_authoritative_source,medium,https://portal.historicenvironment.scot/designation/LB37392,2026-07-31T22:47:50.134Z,Historic Environment Scotland
linlithgow-scotland,Linlithgow,inside_locality,LB37393,hes-listed-building:LB37393,"63 High Street, Linlithgow",63 HIGH STREET WITH RAILINGS,Category B,Listed Building,Listed Building,-3.5995956344239364,55.976680921075655,high,Late 18th century,estimated_from_authoritative_source,medium,https://portal.historicenvironment.scot/designation/LB37393,2026-07-31T22:47:50.134Z,Historic Environment Scotland
linlithgow-scotland,Linlithgow,inside_locality,LB37394,hes-listed-building:LB37394,"The Four Marys, 65, 67, 69 High Street, Linlithgow","65, 67 HIGH STREET, THE FOUR MARYS",Category C,Listed Building,Listed Building,-3.599792665650736,55.97679518176433,high,Mid 18th century with mid and later 19th century additions to N,estimated_from_authoritative_source,medium,https://portal.historicenvironment.scot/designation/LB37394,2026-07-31T22:47:50.134Z,Historic Environment Scotland
linlithgow-scotland,Linlithgow,inside_locality,LB37395,hes-listed-building:LB37395,"71 High Street, Linlithgow","69, 71 HIGH STREET",Category C,Listed Building,Listed Building,-3.599967375556823,55.97675696960028,high,Circa 1800,estimated_from_authoritative_source,medium,https://portal.historicenvironment.scot/designation/LB37395,2026-07-31T22:47:50.134Z,Historic Environment Scotland
linlithgow-scotland,Linlithgow,inside_locality,LB37396,hes-listed-building:LB37396,"73-75 High Street, Linlithgow","73,75 HIGH STREET",Category C,Listed Building,Listed Building,-3.600046721600715,55.976737967407225,high,Early 19th century,estimated_from_authoritative_source,medium,https://portal.historicenvironment.scot/designation/LB37396,2026-07-31T22:47:50.134Z,Historic Environment Scotland
linlithgow-scotland,Linlithgow,inside_locality,LB37397,hes-listed-building:LB37397,"77-79 High Street, Linlithgow","77, 79 HIGH STREET",Category C,Listed Building,Listed Building,-3.600193846999667,55.9768079452985,high,Early 19th century,estimated_from_authoritative_source,medium,https://portal.historicenvironment.scot/designation/LB37397,2026-07-31T22:47:50.134Z,Historic Environment Scotland
linlithgow-scotland,Linlithgow,inside_locality,LB37398,hes-listed-building:LB37398,"Criminal Justice Office, 89-91 High Street, Linlithgow","89, 91 HIGH STREET",Category B,Listed Building,Listed Building,-3.600690763065299,55.97681047808669,high,"Wardrop, Anderson and Btowne, 1886",estimated_from_authoritative_source,medium,https://portal.historicenvironment.scot/designation/LB37398,2026-07-31T22:47:50.134Z,Historic Environment Scotland
linlithgow-scotland,Linlithgow,inside_locality,LB37399,hes-listed-building:LB37399,"County Buildings, High Street, Linlithgow","HIGH STREET, COUNTY BUILDINGS WITH SCREEN WALL LAMP STANDARDS AND PROVOST'S LAMP",Category B,Listed Building,Listed Building,-3.600771284109371,55.976432019306905,high,"Walker Todd of Dick Peddie and Walker Todd, 1935",estimated_from_authoritative_source,medium,https://portal.historicenvironment.scot/designation/LB37399,2026-07-31T22:47:50.134Z,Historic Environment Scotland
linlithgow-scotland,Linlithgow,inside_locality,LB37400,hes-listed-building:LB37400,"The Court Residence, (Former Linlithgow Sheriff Court), including boundary walls and gatepiers, 1 Court Square, High Street, Linlithgow","The Court Residence (Former Linlithgow Sheriff Court), including boundary walls and gatepiers, 1 Court Square, High Street, Linlithgow",Category B,Listed Building,Listed Building,-3.601383286862798,55.976504942500036,medium,"Thomas Brown and James Maitland Wardrop, 1862-1863 with further additions by Wardrop and Charles Reid, 1875",estimated_from_authoritative_source,medium,https://portal.historicenvironment.scot/designation/LB37400,2026-07-31T22:47:50.134Z,Historic Environment Scotland
linlithgow-scotland,Linlithgow,inside_locality,LB37401,hes-listed-building:LB37401,"Police Station, High Street, Linlithgow","HIGH STREET, POLICE STATION",Category C,Listed Building,Listed Building,-3.601334177484821,55.976092223582754,high,"Walker Todd of Dick Peddie and Walker Todd, 1935, 2-storey, asymmetrical, L-plan police station with classical details",estimated_from_authoritative_source,medium,https://portal.historicenvironment.scot/designation/LB37401,2026-07-31T22:47:50.134Z,Historic Environment Scotland
linlithgow-scotland,Linlithgow,inside_locality,LB37402,hes-listed-building:LB37402,"103-105 High Street, Linlithgow","103, 105 HIGH STREET",Category C,Listed Building,Listed Building,-3.601816129238689,55.97650830329694,high,Early 19th century,estimated_from_authoritative_source,medium,https://portal.historicenvironment.scot/designation/LB37402,2026-07-31T22:47:50.134Z,Historic Environment Scotland
linlithgow-scotland,Linlithgow,inside_locality,LB37403,hes-listed-building:LB37403,"107-109 High Street, Linlithgow","107, 109 HIGH STREET",Category C,Listed Building,Listed Building,-3.601989721797791,55.976443144692944,high,"Early 19th century, rehabilitated 1989",estimated_from_authoritative_source,medium,https://portal.historicenvironment.scot/designation/LB37403,2026-07-31T22:47:50.134Z,Historic Environment Scotland
linlithgow-scotland,Linlithgow,inside_locality,LB37404,hes-listed-building:LB37404,"Football And Cricketers Arms, 111-113 High Street, Linlithgow","111, 113 HIGH STREET, FOOTBALL AND CRICKETERS ARMS",Category C,Listed Building,Listed Building,-3.60219646270326,55.97640451295851,high,Circa 1800,estimated_from_authoritative_source,medium,https://portal.historicenvironment.scot/designation/LB37404,2026-07-31T22:47:50.134Z,Historic Environment Scotland
linlithgow-scotland,Linlithgow,inside_locality,LB37405,hes-listed-building:LB37405,"Football And Cricketers Arms, 115 High Street, Linlithgow","115 HIGH STREET, FOOTBALL AND CRICKETERS ARMS",Category C,Listed Building,Listed Building,-3.60228996727807,55.9763403951118,high,Circa 1800,estimated_from_authoritative_source,medium,https://portal.historicenvironment.scot/designation/LB37405,2026-07-31T22:47:50.134Z,Historic Environment Scotland
linlithgow-scotland,Linlithgow,inside_locality,LB37406,hes-listed-building:LB37406,"Shoemaker's Land, 123, 125, 127 High Street, Linlithgow",123-127 (ODD NOS) HIGH STREET,Category B,Listed Building,Listed Building,-3.6027675163191395,55.976262297060096,high,Early 19th century,estimated_from_authoritative_source,medium,https://portal.historicenvironment.scot/designation/LB37406,2026-07-31T22:47:50.134Z,Historic Environment Scotland
linlithgow-scotland,Linlithgow,inside_locality,LB37407,hes-listed-building:LB37407,"129 High Street, Linlithgow",129 HIGH STREET,Category B,Listed Building,Listed Building,-3.6029425923736462,55.97623306190068,high,1829,estimated_from_authoritative_source,medium,https://portal.historicenvironment.scot/designation/LB37407,2026-07-31T22:47:50.134Z,Historic Environment Scotland
linlithgow-scotland,Linlithgow,inside_locality,LB37408,hes-listed-building:LB37408,"131-135 High Street, Linlithgow",131-135 HIGH STREET,Category B,Listed Building,Listed Building,-3.603035352145737,55.97615098111121,high,1867,estimated_from_authoritative_source,medium,https://portal.historicenvironment.scot/designation/LB37408,2026-07-31T22:47:50.134Z,Historic Environment Scotland
linlithgow-scotland,Linlithgow,inside_locality,LB37409,hes-listed-building:LB37409,"139 High Street, Linlithgow",137-141 (ODD NOS) HIGH STREET,Category C,Listed Building,Listed Building,-3.6032841961428814,55.975968023437375,high,Late 18th century,estimated_from_authoritative_source,medium,https://portal.historicenvironment.scot/designation/LB37409,2026-07-31T22:47:50.134Z,Historic Environment Scotland
linlithgow-scotland,Linlithgow,inside_locality,LB37410,hes-listed-building:LB37410,"Museum, 143 High Street, Linlithgow","143 HIGH STREET, ANNET HOUSE",Category B,Listed Building,Listed Building,-3.6034219970538475,55.976199867288265,high,Late 18th century,estimated_from_authoritative_source,medium,https://portal.historicenvironment.scot/designation/LB37410,2026-07-31T22:47:50.134Z,Historic Environment Scotland
linlithgow-scotland,Linlithgow,inside_locality,LB37411,hes-listed-building:LB37411,"145 High Street, Linlithgow",145 HIGH STREET,Category C,Listed Building,Listed Building,-3.6035981874313374,55.976197574773245,high,Earlier 19th century,estimated_from_authoritative_source,medium,https://portal.historicenvironment.scot/designation/LB37411,2026-07-31T22:47:50.134Z,Historic Environment Scotland
linlithgow-scotland,Linlithgow,inside_locality,LB37412,hes-listed-building:LB37412,"147 High Street, Linlithgow",147 HIGH STREET,Category C,Listed Building,Listed Building,-3.6036939195352087,55.97618734301494,high,Later 19th century,estimated_from_authoritative_source,medium,https://portal.historicenvironment.scot/designation/LB37412,2026-07-31T22:47:50.134Z,Historic Environment Scotland
linlithgow-scotland,Linlithgow,inside_locality,LB37413,hes-listed-building:LB37413,"149 High Street, Linlithgow",149 HIGH STREET,Category C,Listed Building,Listed Building,-3.6037736342911355,55.97617731962825,high,Earlier 19th century,estimated_from_authoritative_source,medium,https://portal.historicenvironment.scot/designation/LB37413,2026-07-31T22:47:50.134Z,Historic Environment Scotland
linlithgow-scotland,Linlithgow,inside_locality,LB37414,hes-listed-building:LB37414,"St Peter's Episcopal Church, High Street, Linlithgow","HIGH STREET, ST PETER`S (EPISCOPAL) CHURCH",Category B,Listed Building,Listed Building,-3.603962123936866,55.97608500625905,high,"Dick Peddie and Todd, 1928",estimated_from_authoritative_source,medium,https://portal.historicenvironment.scot/designation/LB37414,2026-07-31T22:47:50.134Z,Historic Environment Scotland
linlithgow-scotland,Linlithgow,inside_locality,LB37415,hes-listed-building:LB37415,"161-163 High Street, Linlithgow","161, 161C, 163 HIGH STREET",Category C,Listed Building,Listed Building,-3.604315247268981,55.976098381813415,high,Early 19th century,estimated_from_authoritative_source,medium,https://portal.historicenvironment.scot/designation/LB37415,2026-07-31T22:47:50.134Z,Historic Environment Scotland
linlithgow-scotland,Linlithgow,inside_locality,LB37416,hes-listed-building:LB37416,"165 High Street, Linlithgow",165 HIGH STREET,Category B,Listed Building,Listed Building,-3.6043949616740494,55.97608835802679,high,"Mid 19th century, interior decoration, John Duncan 1912",estimated_from_authoritative_source,medium,https://portal.historicenvironment.scot/designation/LB37416,2026-07-31T22:47:50.134Z,Historic Environment Scotland
linlithgow-scotland,Linlithgow,inside_locality,LB37417,hes-listed-building:LB37417,"169-173 High Street, Linlithgow",169-173 (ODD NOS) HIGH STREET,Category C,Listed Building,Listed Building,-3.604713818872743,55.97604826236709,high,Mid 19th century,estimated_from_authoritative_source,medium,https://portal.historicenvironment.scot/designation/LB37417,2026-07-31T22:47:50.134Z,Historic Environment Scotland
linlithgow-scotland,Linlithgow,inside_locality,LB37418,hes-listed-building:LB37418,"175 High Street, Linlithgow",175 HIGH STREET,Category C,Listed Building,Listed Building,-3.6048549980280464,55.97597453570758,high,19th century,estimated_from_authoritative_source,medium,https://portal.historicenvironment.scot/designation/LB37418,2026-07-31T22:47:50.134Z,Historic Environment Scotland
linlithgow-scotland,Linlithgow,inside_locality,LB37419,hes-listed-building:LB37419,"The Crown Arms, 177-179 High Street, Linlithgow","177, 179 (ODD NOS) HIGH STREET THE CROWN ARMS",Category B,Listed Building,Listed Building,-3.6049663744113833,55.975955113195724,high,Early 19th century,estimated_from_authoritative_source,medium,https://portal.historicenvironment.scot/designation/LB37419,2026-07-31T22:47:50.134Z,Historic Environment Scotland
linlithgow-scotland,Linlithgow,inside_locality,LB37420,hes-listed-building:LB37420,"201-203 High Street, Linlithgow","201,203, 205 HIGH STREET",Category C,Listed Building,Listed Building,-3.6056040847083723,55.9758749181172,high,"Probably William Scott, earlier 20th century",estimated_from_authoritative_source,medium,https://portal.historicenvironment.scot/designation/LB37420,2026-07-31T22:47:50.134Z,Historic Environment Scotland
linlithgow-scotland,Linlithgow,inside_locality,LB37421,hes-listed-building:LB37421,"213-215 High Street, Linlithgow","213, 215 HIGH STREET",Category B,Listed Building,Listed Building,-3.605921822128793,55.975807875805536,high,1844,estimated_from_authoritative_source,medium,https://portal.historicenvironment.scot/designation/LB37421,2026-07-31T22:47:50.134Z,Historic Environment Scotland
linlithgow-scotland,Linlithgow,inside_locality,LB37422,hes-listed-building:LB37422,"217-219 High Street, Linlithgow",217-221 (ODD NOS) HIGH STREET,Category C,Listed Building,Listed Building,-3.6061300447572076,55.975805162232916,high,Mid 19th century,estimated_from_authoritative_source,medium,https://portal.historicenvironment.scot/designation/LB37422,2026-07-31T22:47:50.134Z,Historic Environment Scotland
linlithgow-scotland,Linlithgow,inside_locality,LB37423,hes-listed-building:LB37423,"New Well, High Street, Linlithgow","HIGH STREET, NEW WELL",Category C,Listed Building,Listed Building,-3.6069353703657194,55.975902496247386,high,Late 18th century wellhead,estimated_from_authoritative_source,medium,https://portal.historicenvironment.scot/designation/LB37423,2026-07-31T22:47:50.134Z,Historic Environment Scotland
linlithgow-scotland,Linlithgow,inside_locality,LB37424,hes-listed-building:LB37424,"257-259 High Street, Linlithgow",257 HIGH STREET,Category B,Listed Building,Listed Building,-3.607670668820688,55.975856962038705,high,Earlier 19th century,estimated_from_authoritative_source,medium,https://portal.historicenvironment.scot/designation/LB37424,2026-07-31T22:47:50.134Z,Historic Environment Scotland
linlithgow-scotland,Linlithgow,inside_locality,LB37425,hes-listed-building:LB37425,"263A-265 High Street, Linlithgow","263, 265 (ODD NOS) HIGH STREET",Category B,Listed Building,Listed Building,-3.6079105530949738,55.975844846380944,high,1783,estimated_from_authoritative_source,medium,https://portal.historicenvironment.scot/designation/LB37425,2026-07-31T22:47:50.134Z,Historic Environment Scotland
linlithgow-scotland,Linlithgow,inside_locality,LB37426,hes-listed-building:LB37426,"267-269 High Street, Linlithgow","267, 269 HIGH STREET",Category C,Listed Building,Listed Building,-3.6080688606663,55.975797850610235,high,Early 19th century,estimated_from_authoritative_source,medium,https://portal.historicenvironment.scot/designation/LB37426,2026-07-31T22:47:50.134Z,Historic Environment Scotland
linlithgow-scotland,Linlithgow,inside_locality,LB37427,hes-listed-building:LB37427,"The Portcullis, 271-273 High Street, Linlithgow","271, 273 HIGH STREET THE PORTCULLIS",Category C,Listed Building,Listed Building,-3.6081344200909866,55.97583293926858,high,Early 19th century remodelling of earlier building,estimated_from_authoritative_source,medium,https://portal.historicenvironment.scot/designation/LB37427,2026-07-31T22:47:50.134Z,Historic Environment Scotland
linlithgow-scotland,Linlithgow,inside_locality,LB37428,hes-listed-building:LB37428,"275 High Street, Linlithgow","275 HIGH STREET AND 18, 20 ST JOHN'S AVENUE",Category B,Listed Building,Listed Building,-3.608261811479563,55.975813304779436,high,Early 19th century,estimated_from_authoritative_source,medium,https://portal.historicenvironment.scot/designation/LB37428,2026-07-31T22:47:50.134Z,Historic Environment Scotland
linlithgow-scotland,Linlithgow,inside_locality,LB37429,hes-listed-building:LB37429,"293 High Street, Linlithgow",293 HIGH STREET,Category B,Listed Building,Listed Building,-3.609270516006643,55.97579115079418,high,Earlier 18th century,estimated_from_authoritative_source,medium,https://portal.historicenvironment.scot/designation/LB37429,2026-07-31T22:47:50.134Z,Historic Environment Scotland
linlithgow-scotland,Linlithgow,inside_locality,LB37430,hes-listed-building:LB37430,"West Port House, 297-299 High Street, Linlithgow","297, 299 HIGH STREET, WEST PORT HOUSE WITH RETAINING WALLS",Category A,Listed Building,Listed Building,-3.609555465935777,55.9757065551372,high,"Circa 1600, incorporating parts of an earlier building and with 18th century and later alterations and additions",estimated_from_authoritative_source,medium,https://portal.historicenvironment.scot/designation/LB37430,2026-07-31T22:47:50.134Z,Historic Environment Scotland
linlithgow-scotland,Linlithgow,inside_locality,LB37431,hes-listed-building:LB37431,"315, 317, 319, 321, 323, 325 High Street, Linlithgow",303 TO 313 AND 315 AND 325 (ODD NOS) HIGH STREET AND GATEWAY,Category B,Listed Building,Listed Building,-3.6106412652984936,55.975611494654075,high,"W Scott, 1937",estimated_from_authoritative_source,medium,https://portal.historicenvironment.scot/designation/LB37431,2026-07-31T22:47:50.134Z,Historic Environment Scotland
linlithgow-scotland,Linlithgow,inside_locality,LB37432,hes-listed-building:LB37432,"2-4 High Street, Linlithgow","2, 4 HIGH STREET",Category C,Listed Building,Listed Building,-3.5964069247151036,55.97708170889575,high,Earlier 19th century,estimated_from_authoritative_source,medium,https://portal.historicenvironment.scot/designation/LB37432,2026-07-31T22:47:50.134Z,Historic Environment Scotland
linlithgow-scotland,Linlithgow,inside_locality,LB37433,hes-listed-building:LB37433,"10-14 High Street, Linlithgow",10-18 (EVEN NOS) HIGH STREET,Category C,Listed Building,Listed Building,-3.5967880188562087,55.97699589757582,high,Later 19th century,estimated_from_authoritative_source,medium,https://portal.historicenvironment.scot/designation/LB37433,2026-07-31T22:47:50.134Z,Historic Environment Scotland
linlithgow-scotland,Linlithgow,inside_locality,LB37434,hes-listed-building:LB37434,"22-24 High Street, Linlithgow",20-24 (EVEN NOS) HIGH STREET,Category B,Listed Building,Listed Building,-3.597152723418336,55.976901311456714,high,Circa 1840,estimated_from_authoritative_source,medium,https://portal.historicenvironment.scot/designation/LB37434,2026-07-31T22:47:50.134Z,Historic Environment Scotland
linlithgow-scotland,Linlithgow,inside_locality,LB37435,hes-listed-building:LB37435,"26-28 High Street, Linlithgow","26, 28 HIGH STREET",Category C,Listed Building,Listed Building,-3.5973128998784625,55.97689923549043,high,Early 19th century,estimated_from_authoritative_source,medium,https://portal.historicenvironment.scot/designation/LB37435,2026-07-31T22:47:50.134Z,Historic Environment Scotland
linlithgow-scotland,Linlithgow,inside_locality,LB37436,hes-listed-building:LB37436,"30-34 High Street, Linlithgow",30-34 (EVEN NOS) HIGH STREET,Category B,Listed Building,Listed Building,-3.5974701139560556,55.97682530959006,high,Circa 1800,estimated_from_authoritative_source,medium,https://portal.historicenvironment.scot/designation/LB37436,2026-07-31T22:47:50.134Z,Historic Environment Scotland
linlithgow-scotland,Linlithgow,inside_locality,LB37437,hes-listed-building:LB37437,"36-36A High Street, Linlithgow","36, 36A HIGH STREET",Category B,Listed Building,Listed Building,-3.597584088847302,55.976868762224626,high,Later 18th century,estimated_from_authoritative_source,medium,https://portal.historicenvironment.scot/designation/LB37437,2026-07-31T22:47:50.134Z,Historic Environment Scotland
linlithgow-scotland,Linlithgow,inside_locality,LB37438,hes-listed-building:LB37438,"Linlithgow 42, 44 High Street","38-44 (EVEN NOS) HIGH STREET, HAMILTON'S LAND",Category A,Listed Building,Listed Building,-3.59766417699592,55.97686772398769,high,Early 17th century,estimated_from_authoritative_source,medium,https://portal.historicenvironment.scot/designation/LB37438,2026-07-31T22:47:50.134Z,Historic Environment Scotland
linlithgow-scotland,Linlithgow,inside_locality,LB37439,hes-listed-building:LB37439,"46-48 High Street, Linlithgow","46, 48 HIGH STREET, HAMILTONS' LAND",Category A,Listed Building,Listed Building,-3.5978098171449115,55.976901779887115,high,Early 17th century,estimated_from_authoritative_source,medium,https://portal.historicenvironment.scot/designation/LB37439,2026-07-31T22:47:50.134Z,Historic Environment Scotland
linlithgow-scotland,Linlithgow,inside_locality,LB37440,hes-listed-building:LB37440,"Red Lion Inn, 50 High Street, Linlithgow",50 HIGH STREET RED LION INN,Category B,Listed Building,Listed Building,-3.5979364766617823,55.976864193593045,high,Mid 18th century,estimated_from_authoritative_source,medium,https://portal.historicenvironment.scot/designation/LB37440,2026-07-31T22:47:50.134Z,Historic Environment Scotland
linlithgow-scotland,Linlithgow,inside_locality,LB37441,hes-listed-building:LB37441,"52-54 High Street, Linlithgow",52 AND 54 HIGH STREET,Category B,Listed Building,Listed Building,-3.5980649880926476,55.97687151323598,high,Late 18th century,estimated_from_authoritative_source,medium,https://portal.historicenvironment.scot/designation/LB37441,2026-07-31T22:47:50.134Z,Historic Environment Scotland
linlithgow-scotland,Linlithgow,inside_locality,LB37442,hes-listed-building:LB37442,"56-60 High Street, Linlithgow",56-60 (EVEN NOS) HIGH STREET,Category C,Listed Building,Listed Building,-3.5981800751578676,55.97694190895311,high,Early 19th century,estimated_from_authoritative_source,medium,https://portal.historicenvironment.scot/designation/LB37442,2026-07-31T22:47:50.134Z,Historic Environment Scotland
linlithgow-scotland,Linlithgow,inside_locality,LB37443,hes-listed-building:LB37443,"Abbey National, 62-64 High Street, Linlithgow","62, 64 HIGH STREET",Category C,Listed Building,Listed Building,-3.5983071049282764,55.97691330349218,high,1881,estimated_from_authoritative_source,medium,https://portal.historicenvironment.scot/designation/LB37443,2026-07-31T22:47:50.134Z,Historic Environment Scotland
linlithgow-scotland,Linlithgow,inside_locality,LB37444,hes-listed-building:LB37444,"The Clydesdale Bank, 66-68 High Street, Linlithgow","66, 68 HIGH STREET",Category C,Listed Building,Listed Building,-3.598423304106968,55.97701064261367,high,Earlier 19th century,estimated_from_authoritative_source,medium,https://portal.historicenvironment.scot/designation/LB37444,2026-07-31T22:47:50.134Z,Historic Environment Scotland
linlithgow-scotland,Linlithgow,inside_locality,LB37445,hes-listed-building:LB37445,"70-72 High Street, Linlithgow","70, 72 HIGH STREET",Category C,Listed Building,Listed Building,-3.59866097530954,55.976944657633574,high,Earlier 19th century,estimated_from_authoritative_source,medium,https://portal.historicenvironment.scot/designation/LB37445,2026-07-31T22:47:50.134Z,Historic Environment Scotland
linlithgow-scotland,Linlithgow,inside_locality,LB37446,hes-listed-building:LB37446,"74 High Street, Linlithgow","74, 76 HIGH STREET",Category C,Listed Building,Listed Building,-3.598741434163506,55.97695259990625,high,Earlier 19th century,estimated_from_authoritative_source,medium,https://portal.historicenvironment.scot/designation/LB37446,2026-07-31T22:47:50.134Z,Historic Environment Scotland
linlithgow-scotland,Linlithgow,inside_locality,LB37447,hes-listed-building:LB37447,"78-80 High Street, Linlithgow","78, 80 HIGH STREET",Category B,Listed Building,Listed Building,-3.5988386519346016,55.97697829674121,high,Early 19th century,estimated_from_authoritative_source,medium,https://portal.historicenvironment.scot/designation/LB37447,2026-07-31T22:47:50.134Z,Historic Environment Scotland
linlithgow-scotland,Linlithgow,inside_locality,LB37448,hes-listed-building:LB37448,"86 High Street, Linlithgow",82-86 (EVEN NOS) HIGH STREET,Category C,Listed Building,Listed Building,-3.5990319758831872,55.97700274655236,high,Early 18th century,estimated_from_authoritative_source,medium,https://portal.historicenvironment.scot/designation/LB37448,2026-07-31T22:47:50.134Z,Historic Environment Scotland
linlithgow-scotland,Linlithgow,inside_locality,LB37449,hes-listed-building:LB37449,"96-98 High Street, Linlithgow","96, 98 HIGH STREET",Category C,Listed Building,Listed Building,-3.599583250848201,55.97715734082074,high,Mid 18th century,estimated_from_authoritative_source,medium,https://portal.historicenvironment.scot/designation/LB37449,2026-07-31T22:47:50.134Z,Historic Environment Scotland
linlithgow-scotland,Linlithgow,inside_locality,LB37450,hes-listed-building:LB37450,"100 High Street, Linlithgow",100 HIGH STREET,Category C,Listed Building,Listed Building,-3.5996968582401347,55.97719181027376,high,Mid 19th century,estimated_from_authoritative_source,medium,https://portal.historicenvironment.scot/designation/LB37450,2026-07-31T22:47:50.134Z,Historic Environment Scotland
linlithgow-scotland,Linlithgow,inside_locality,LB37451,hes-listed-building:LB37451,"102-104 High Street, Linlithgow","102, 104 HIGH STREET",Category C,Listed Building,Listed Building,-3.5997929647198172,55.97719056273158,high,Earlier 19th century,estimated_from_authoritative_source,medium,https://portal.historicenvironment.scot/designation/LB37451,2026-07-31T22:47:50.134Z,Historic Environment Scotland
linlithgow-scotland,Linlithgow,inside_locality,LB37452,hes-listed-building:LB37452,"114 High Street, Linlithgow",114 HIGH STREET,Category C,Listed Building,Listed Building,-3.600063782769947,55.977151102806204,high,Later 19th century,estimated_from_authoritative_source,medium,https://portal.historicenvironment.scot/designation/LB37452,2026-07-31T22:47:50.134Z,Historic Environment Scotland
linlithgow-scotland,Linlithgow,inside_locality,LB37453,hes-listed-building:LB37453,"212-214 High Street, Linlithgow","212, 214 HIGH STREET",Category B,Listed Building,Listed Building,-3.604310014227219,55.97635904474231,high,Early 19th century,estimated_from_authoritative_source,medium,https://portal.historicenvironment.scot/designation/LB37453,2026-07-31T22:47:50.134Z,Historic Environment Scotland
linlithgow-scotland,Linlithgow,inside_locality,LB37455,hes-listed-building:LB37455,"216-218 High Street, Linlithgow","216, 218 HIGH STREET",Category C,Listed Building,Listed Building,-3.604532025801293,55.97630223821824,high,Mid 19th century,estimated_from_authoritative_source,medium,https://portal.historicenvironment.scot/designation/LB37455,2026-07-31T22:47:50.134Z,Historic Environment Scotland
linlithgow-scotland,Linlithgow,inside_locality,LB37456,hes-listed-building:LB37456,"220 High Street, Linlithgow",220 HIGH STREET,Category C,Listed Building,Listed Building,-3.6046434032907233,55.97628281599266,high,Early 19th century,estimated_from_authoritative_source,medium,https://portal.historicenvironment.scot/designation/LB37456,2026-07-31T22:47:50.134Z,Historic Environment Scotland
linlithgow-scotland,Linlithgow,inside_locality,LB37457,hes-listed-building:LB37457,"222-224 High Street, Linlithgow","222, 224 HIGH STREET",Category C,Listed Building,Listed Building,-3.6047879312606734,55.97628992007185,high,Earlier 19th century,estimated_from_authoritative_source,medium,https://portal.historicenvironment.scot/designation/LB37457,2026-07-31T22:47:50.134Z,Historic Environment Scotland
linlithgow-scotland,Linlithgow,inside_locality,LB37458,hes-listed-building:LB37458,"Baird Hall, High Street, Linlithgow","HIGH STREET, BAIRD HALL",Category C,Listed Building,Listed Building,-3.6049134658522797,55.97622538310373,high,Former schoolhouse dated by HES description to 1863,documented_construction,medium,https://portal.historicenvironment.scot/designation/LB37458,2026-07-31T22:47:50.134Z,Historic Environment Scotland
linlithgow-scotland,Linlithgow,inside_locality,LB37459,hes-listed-building:LB37459,"232 High Street, Linlithgow","232, 234 AND 236 HIGH STREET",Category B,Listed Building,Listed Building,-3.6052636140072196,55.97616690646238,high,Earlier 19th century,estimated_from_authoritative_source,medium,https://portal.historicenvironment.scot/designation/LB37459,2026-07-31T22:47:50.134Z,Historic Environment Scotland
linlithgow-scotland,Linlithgow,inside_locality,LB37460,hes-listed-building:LB37460,"238 High Street, Linlithgow",238 HIGH STREET,Category C,Listed Building,Listed Building,-3.6054897166253896,55.97620889123176,high,Earlier 19th century,estimated_from_authoritative_source,medium,https://portal.historicenvironment.scot/designation/LB37460,2026-07-31T22:47:50.134Z,Historic Environment Scotland
linlithgow-scotland,Linlithgow,inside_locality,LB37461,hes-listed-building:LB37461,"Public House, 246-248 High Street, Linlithgow","246, 248 HIGH STREET",Category C,Listed Building,Listed Building,-3.6057623828292313,55.976214324761166,high,Early 19th century,estimated_from_authoritative_source,medium,https://portal.historicenvironment.scot/designation/LB37461,2026-07-31T22:47:50.134Z,Historic Environment Scotland
linlithgow-scotland,Linlithgow,inside_locality,LB37462,hes-listed-building:LB37462,"258-260 High Street, Linlithgow","258, 260 HIGH STREET",Category C,Listed Building,Listed Building,-3.606064105474007,55.97614749077327,high,Earlier 19th century,estimated_from_authoritative_source,medium,https://portal.historicenvironment.scot/designation/LB37462,2026-07-31T22:47:50.134Z,Historic Environment Scotland
linlithgow-scotland,Linlithgow,inside_locality,LB37463,hes-listed-building:LB37463,"2 Kirkgate, Linlithgow",2 KIRKGATE,Category B,Listed Building,Listed Building,-3.6010087687504773,55.9775252289187,high,Circa 1700,estimated_from_authoritative_source,medium,https://portal.historicenvironment.scot/designation/LB37463,2026-07-31T22:47:50.134Z,Historic Environment Scotland
linlithgow-scotland,Linlithgow,inside_locality,LB37464,hes-listed-building:LB37464,"3 Kirkgate, Linlithgow",3 KIRKGATE,Category B,Listed Building,Listed Building,-3.6010113666237626,55.97758809731341,high,Circa 1700,estimated_from_authoritative_source,medium,https://portal.historicenvironment.scot/designation/LB37464,2026-07-31T22:47:50.134Z,Historic Environment Scotland
linlithgow-scotland,Linlithgow,inside_locality,LB37465,hes-listed-building:LB37465,"District Court, The Cross, Linlithgow","KIRKGATE AND THE CROSS, BURGH HALLS (FORMER TOWN HOUSE AND OLD COUNTY HALL)",Category B,Listed Building,Listed Building,-3.6006593438004613,55.97760165597281,high,"Burgh Halls comprising town house and old county hall, merged 1962, see also The Cross and Kirkgate, Burgh Halls (former Town House) listed separately",estimated_from_authoritative_source,medium,https://portal.historicenvironment.scot/designation/LB37465,2026-07-31T22:47:50.134Z,Historic Environment Scotland
linlithgow-scotland,Linlithgow,inside_locality,LB37466,hes-listed-building:LB37466,"Statue Of 1St Marquess Of Linlithgow, Rosegarden, Kirkgate, Linlithgow","KIRKGATE, ROSEGARDEN, STATUE OF 1ST MARQUESS OF LINLITHGOW",Category B,Listed Building,Listed Building,-3.59991243578393,55.977755130980945,high,"George Frampton, 1911",estimated_from_authoritative_source,medium,https://portal.historicenvironment.scot/designation/LB37466,2026-07-31T22:47:50.134Z,Historic Environment Scotland
linlithgow-scotland,Linlithgow,inside_locality,LB37467,hes-listed-building:LB37467,"Kirkgate Walls, Linlithgow","KIRKGATE, WALLS",Category B,Listed Building,Listed Building,-3.600859722695112,55.97779674569483,high,,unknown,unknown,https://portal.historicenvironment.scot/designation/LB37467,2026-07-31T22:47:50.134Z,Historic Environment Scotland
linlithgow-scotland,Linlithgow,inside_locality,LB37468,hes-listed-building:LB37468,"Dovecot, Learmonth Gardens, Linlithgow","LEARMONTH GARDENS, DOVECOT",Category A,Listed Building,Listed Building,-3.5984645725832003,55.975680176683085,high,16th century,estimated_from_authoritative_source,medium,https://portal.historicenvironment.scot/designation/LB37468,2026-07-31T22:47:50.134Z,Historic Environment Scotland
linlithgow-scotland,Linlithgow,inside_locality,LB37471,hes-listed-building:LB37471,"Lodge, Linlithgow Palace","LINLITHGOW PALACE, LODGE",Category C,Listed Building,Listed Building,-3.6014296327936006,55.97801399189367,high,Mid 19th century,estimated_from_authoritative_source,medium,https://portal.historicenvironment.scot/designation/LB37471,2026-07-31T22:47:50.134Z,Historic Environment Scotland
linlithgow-scotland,Linlithgow,inside_locality,LB37472,hes-listed-building:LB37472,"Linlithgow Station, High Port, Linlithgow",LINLITHGOW RAILWAY STATION,Category C,Listed Building,Listed Building,-3.5959329023729762,55.976467813437196,high,"Opened 1842 by Edinburgh and Glasgow Railway, probably designed by John Miller, engineer to the line, extended, probably in 1870s to ER",estimated_from_authoritative_source,medium,https://portal.historicenvironment.scot/designation/LB37472,2026-07-31T22:47:50.134Z,Historic Environment Scotland
linlithgow-scotland,Linlithgow,inside_locality,LB37473,hes-listed-building:LB37473,"13 Lion Well Wynd, Linlithgow",13 LION WELL WYND,Category B,Listed Building,Listed Building,-3.604238163421555,55.975784874296586,high,"Later 19th century, restored by William A Cadell Architects, 1980",estimated_from_authoritative_source,medium,https://portal.historicenvironment.scot/designation/LB37473,2026-07-31T22:47:50.134Z,Historic Environment Scotland
linlithgow-scotland,Linlithgow,inside_locality,LB37474,hes-listed-building:LB37474,"17 Lion Well Wynd, Linlithgow",17 LION WELL WYND AND BOUNDARY WALL,Category B,Listed Building,Listed Building,-3.6042199152293315,55.97573119567288,high,"Mid 19th century, restored by William A Cadell Architects, 1980",estimated_from_authoritative_source,medium,https://portal.historicenvironment.scot/designation/LB37474,2026-07-31T22:47:50.134Z,Historic Environment Scotland
linlithgow-scotland,Linlithgow,inside_locality,LB37475,hes-listed-building:LB37475,"19 Lion Well Wynd, Linlithgow",19 LION WELL WYND AND BOUNDARY WALL,Category C,Listed Building,Listed Building,-3.604175610553537,55.97543523346072,high,"Earlier 19th century, restored by William A Cadell Architects, 1979",estimated_from_authoritative_source,medium,https://portal.historicenvironment.scot/designation/LB37475,2026-07-31T22:47:50.134Z,Historic Environment Scotland
linlithgow-scotland,Linlithgow,inside_locality,LB37476,hes-listed-building:LB37476,"16 Lion Well Wynd, Linlithgow",16 LION WELL WYND AND BOUNDARY WALL,Category C,Listed Building,Listed Building,-3.604466147649448,55.97548536733539,high,"Later 19th century, restored by William A Cadell Architects, 1979",estimated_from_authoritative_source,medium,https://portal.historicenvironment.scot/designation/LB37476,2026-07-31T22:47:50.134Z,Historic Environment Scotland
linlithgow-scotland,Linlithgow,inside_locality,LB37477,hes-listed-building:LB37477,"Walls, Lion Well Wynd, Linlithgow",LION WELL WYND WALLS,Category C,Listed Building,Listed Building,-3.6043666723351993,55.9757921873848,high,Earlier 19th century,estimated_from_authoritative_source,medium,https://portal.historicenvironment.scot/designation/LB37477,2026-07-31T22:47:50.134Z,Historic Environment Scotland
linlithgow-scotland,Linlithgow,inside_locality,LB37478,hes-listed-building:LB37478,"Western Cottage, Mains Maltings, Mains Road, Linlithgow","THE MALTINGS, CORNER MAINS ROAD AND MORAY DRIVE, MAINS AND COTTAGES",Category C,Listed Building,Listed Building,-3.6209543139640883,55.97236709950601,high,Mid 19th century,estimated_from_authoritative_source,medium,https://portal.historicenvironment.scot/designation/LB37478,2026-07-31T22:47:50.134Z,Historic Environment Scotland
linlithgow-scotland,Linlithgow,inside_locality,LB37479,hes-listed-building:LB37479,"Union Canal Museum, Manse Road, Linlithgow","COTTAGE AND STABLES, CANAL BASIN, MANSE ROAD, LINLITHGOW",Category C,Listed Building,Listed Building,-3.598303463709775,55.97488251056779,high,Circa 1820; probably built just after 1820,estimated_from_authoritative_source,medium,https://portal.historicenvironment.scot/designation/LB37479,2026-07-31T22:47:50.134Z,Historic Environment Scotland
linlithgow-scotland,Linlithgow,inside_locality,LB37480,hes-listed-building:LB37480,"Canal House, Manse Road, Linlithgow",MANSE ROAD CANAL HOUSE WITH GIG HOUSE GATEPIERS AND BOUNDARY WALL,Category B,Listed Building,Listed Building,-3.5989929273226737,55.97489153864192,high,"Probably High Baird engineer, earlier 19th century",estimated_from_authoritative_source,medium,https://portal.historicenvironment.scot/designation/LB37480,2026-07-31T22:47:50.134Z,Historic Environment Scotland
linlithgow-scotland,Linlithgow,inside_locality,LB37481,hes-listed-building:LB37481,"Clarendon House, 30 Manse Road, Linlithgow","MANSE ROAD, CLARENDON HOUSE WITH GATEPIERS, BOUNDARY WALLS, AND STABLES",Category B,Listed Building,Listed Building,-3.593955665698529,55.973204522185846,high,"Circa 1820, bay windows circa 1845, 2-storey addition to rear circa 1875",estimated_from_authoritative_source,medium,https://portal.historicenvironment.scot/designation/LB37481,2026-07-31T22:47:50.134Z,Historic Environment Scotland
linlithgow-scotland,Linlithgow,inside_locality,LB37482,hes-listed-building:LB37482,"Bridge No. 43, Union Canal, Linlithgow","MANSE ROAD, EDINBURGH AND GLASGOW UNION CANAL BRIDGE 43",Category B,Listed Building,Listed Building,-3.5972902350743117,55.975183200097845,high,"Hugh Baird engineer, circa 1820",estimated_from_authoritative_source,medium,https://portal.historicenvironment.scot/designation/LB37482,2026-07-31T22:47:50.134Z,Historic Environment Scotland
linlithgow-scotland,Linlithgow,inside_locality,LB37483,hes-listed-building:LB37483,"Friarbank, Manse Road, Linlithgow","MANSE ROAD, FRIARBANK WITH GATES, GATEPIERS AND BOUNDARY WALL",Category B,Listed Building,Listed Building,-3.5976073411798124,55.97315723518875,high,Earlier 19th century,estimated_from_authoritative_source,medium,https://portal.historicenvironment.scot/designation/LB37483,2026-07-31T22:47:50.134Z,Historic Environment Scotland
linlithgow-scotland,Linlithgow,inside_locality,LB37484,hes-listed-building:LB37484,"Glebe House, Manse Road, Linlithgow","MANSE ROAD, GLEBE HOUSE, FORMER LINLITHGOW MANSE WITH GATEPIERS AND BOUNDARY WALL",Category B,Listed Building,Listed Building,-3.596695830536015,55.96931404539047,high,"1801, addition to rear 1862, probably by David Rhind",estimated_from_authoritative_source,medium,https://portal.historicenvironment.scot/designation/LB37484,2026-07-31T22:47:50.134Z,Historic Environment Scotland
linlithgow-scotland,Linlithgow,inside_locality,LB37485,hes-listed-building:LB37485,"Nether Parkley, Manse Road, Linlithgow","MANSE ROAD, NETHER PARKLEY",Category B,Listed Building,Listed Building,-3.5984648864110174,55.972579995363375,high,Wardrop and Reid 1881,estimated_from_authoritative_source,medium,https://portal.historicenvironment.scot/designation/LB37485,2026-07-31T22:47:50.134Z,Historic Environment Scotland
linlithgow-scotland,Linlithgow,inside_locality,LB37486,hes-listed-building:LB37486,"Lodge, Nether Parkley, Manse Road, Linlithgow","MANSE ROAD, NETHER PARKLEY LODGE, GATEPIERS AND BOUNDARY WALLS",Category B,Listed Building,Listed Building,-3.5974720948078556,55.97182007125857,high,,unknown,unknown,https://portal.historicenvironment.scot/designation/LB37486,2026-07-31T22:47:50.134Z,Historic Environment Scotland
linlithgow-scotland,Linlithgow,inside_locality,LB37487,hes-listed-building:LB37487,"Masonic Lodge, 2 Market Lane, Linlithgow","MARKET LANE, MASONIC LODGE OF LINLITHGOW",Category C,Listed Building,Listed Building,-3.600317032230228,55.977462325190515,medium,"William Scott, 1905-1906",estimated_from_authoritative_source,medium,https://portal.historicenvironment.scot/designation/LB37487,2026-07-31T22:47:50.134Z,Historic Environment Scotland
linlithgow-scotland,Linlithgow,inside_locality,LB37488,hes-listed-building:LB37488,"1 Preston Road, Linlithgow",1-3 (ODD NOS) PRESTON ROAD,Category B,Listed Building,Listed Building,-3.6107191102559835,55.9755565609941,high,"W Scott, 1937",estimated_from_authoritative_source,medium,https://portal.historicenvironment.scot/designation/LB37488,2026-07-31T22:47:50.134Z,Historic Environment Scotland
linlithgow-scotland,Linlithgow,inside_locality,LB37489,hes-listed-building:LB37489,"Poldrait, Preston Road, Linlithgow","PRESTON ROAD, POLDRAIT",Category B,Listed Building,Listed Building,-3.605174528011715,55.96976102490582,high,1889,estimated_from_authoritative_source,medium,https://portal.historicenvironment.scot/designation/LB37489,2026-07-31T22:47:50.134Z,Historic Environment Scotland
linlithgow-scotland,Linlithgow,inside_locality,LB37490,hes-listed-building:LB37490,"1 Royal Terrace, Linlithgow",1 ROYAL TERRACE WITH BOUNDARY WALL,Category C,Listed Building,Listed Building,-3.6027106341383814,55.97527457399863,high,Circa 1875,estimated_from_authoritative_source,medium,https://portal.historicenvironment.scot/designation/LB37490,2026-07-31T22:47:50.134Z,Historic Environment Scotland
linlithgow-scotland,Linlithgow,inside_locality,LB37491,hes-listed-building:LB37491,"2 Royal Terrace, Linlithgow",2 ROYAL TERRACE,Category C,Listed Building,Listed Building,-3.603029114922168,55.97522550152662,high,Later 19th century,estimated_from_authoritative_source,medium,https://portal.historicenvironment.scot/designation/LB37491,2026-07-31T22:47:50.134Z,Historic Environment Scotland
linlithgow-scotland,Linlithgow,inside_locality,LB37492,hes-listed-building:LB37492,"6 Royal Terrace, Linlithgow",6 ROYAL TERRACE,Category B,Listed Building,Listed Building,-3.6036757718515284,55.97497446544741,high,"John Lauder, 1829",estimated_from_authoritative_source,medium,https://portal.historicenvironment.scot/designation/LB37492,2026-07-31T22:47:50.134Z,Historic Environment Scotland
linlithgow-scotland,Linlithgow,inside_locality,LB37493,hes-listed-building:LB37493,"Coachhouse, 7-7A Royal Terrace, Linlithgow","7, 7A ROYAL TERRACE WITH COACH HOUSE, OUTBUILDINGS, GATES, GATEPIERS, RAILINGS AND BOUNDARY WALL",Category B,Listed Building,Listed Building,-3.6040702430248865,55.974825555036766,high,Later 19th century,estimated_from_authoritative_source,medium,https://portal.historicenvironment.scot/designation/LB37493,2026-07-31T22:47:50.134Z,Historic Environment Scotland
linlithgow-scotland,Linlithgow,inside_locality,LB37494,hes-listed-building:LB37494,"8 Royal Terrace, Linlithgow","8, 9 ROYAL TERRACE WITH BOUNDARY WALLS AND GATEPIERS",Category B,Listed Building,Listed Building,-3.604185706569712,55.97490492632983,high,Earlier 19th century,estimated_from_authoritative_source,medium,https://portal.historicenvironment.scot/designation/LB37494,2026-07-31T22:47:50.134Z,Historic Environment Scotland
linlithgow-scotland,Linlithgow,inside_locality,LB37495,hes-listed-building:LB37495,"10 Royal Terrace, Linlithgow",10 AND 11 ROYAL TERRACE WITH BOUNDARY WALLS AND GATEPIERS,Category B,Listed Building,Listed Building,-3.6044084537891607,55.97486608244167,high,Earlier 19th century,estimated_from_authoritative_source,medium,https://portal.historicenvironment.scot/designation/LB37495,2026-07-31T22:47:50.134Z,Historic Environment Scotland
linlithgow-scotland,Linlithgow,inside_locality,LB37496,hes-listed-building:LB37496,"13 Royal Terrace, Linlithgow",13 ROYAL TERRACE WITH BOUNDARY WALLS AND PIERS,Category C,Listed Building,Listed Building,-3.604842787661754,55.974518957865506,high,Circa 1800,estimated_from_authoritative_source,medium,https://portal.historicenvironment.scot/designation/LB37496,2026-07-31T22:47:50.134Z,Historic Environment Scotland
linlithgow-scotland,Linlithgow,inside_locality,LB37497,hes-listed-building:LB37497,"14 Royal Terrace, Linlithgow",14 ROYAL TERRACE WITH BOUNDARY WALLS AND PIERS,Category B,Listed Building,Listed Building,-3.6051064939113364,55.97469524403887,high,Early 19th century,estimated_from_authoritative_source,medium,https://portal.historicenvironment.scot/designation/LB37497,2026-07-31T22:47:50.134Z,Historic Environment Scotland
linlithgow-scotland,Linlithgow,inside_locality,LB37498,hes-listed-building:LB37498,"20 Royal Terrace, Linlithgow",20 ROYAL TERRACE WITH RETAINING WALL AND RAILINGS,Category C,Listed Building,Listed Building,-3.606501060757775,55.974704030267745,high,Later 19th century,estimated_from_authoritative_source,medium,https://portal.historicenvironment.scot/designation/LB37498,2026-07-31T22:47:50.134Z,Historic Environment Scotland
linlithgow-scotland,Linlithgow,inside_locality,LB37499,hes-listed-building:LB37499,"St Michael's Church, Linlithgow",ST MICHAEL'S PARISH CHURCH (CHURCH OF SCOTLAND) WITH GATEWAY AND LIVINGSTON BURIAL VAULT,Category A,Listed Building,Listed Building,-3.600328836906009,55.97813612333322,high,"Circa 1425-1532, probably John Frenssh, builder or architect",estimated_from_authoritative_source,medium,https://portal.historicenvironment.scot/designation/LB37499,2026-07-31T22:47:50.134Z,Historic Environment Scotland
linlithgow-scotland,Linlithgow,inside_locality,LB37500,hes-listed-building:LB37500,"St Michael's Wynd, Linlithgow",ST MICHAEL'S WYND REAR 23 HIGH STREET,Category C,Listed Building,Listed Building,-3.5975022438546156,55.97643849441392,high,Earlier 18th century,estimated_from_authoritative_source,medium,https://portal.historicenvironment.scot/designation/LB37500,2026-07-31T22:47:50.134Z,Historic Environment Scotland
linlithgow-scotland,Linlithgow,inside_locality,LB37501,hes-listed-building:LB37501,"4 Strawberry Bank, Linlithgow","4, 4A, 5, 5A STRAWBERRY BANK",Category C,Listed Building,Listed Building,-3.602232354357837,55.97533470937627,high,Late 19th century,estimated_from_authoritative_source,medium,https://portal.historicenvironment.scot/designation/LB37501,2026-07-31T22:47:50.134Z,Historic Environment Scotland
linlithgow-scotland,Linlithgow,inside_locality,LB37502,hes-listed-building:LB37502,"5 Union Road, Linlithgow",5 UNION ROAD WITH BOUNDARY WALL,Category C,Listed Building,Listed Building,-3.604674368693871,55.97548265623145,high,Later 19th century,estimated_from_authoritative_source,medium,https://portal.historicenvironment.scot/designation/LB37502,2026-07-31T22:47:50.134Z,Historic Environment Scotland
linlithgow-scotland,Linlithgow,inside_locality,LB37503,hes-listed-building:LB37503,"6 Union Road, Linlithgow",6 UNION ROAD AND LION WELL WYND,Category C,Listed Building,Listed Building,-3.604381971976913,55.975387616911114,high,Later 19th century,estimated_from_authoritative_source,medium,https://portal.historicenvironment.scot/designation/LB37503,2026-07-31T22:47:50.134Z,Historic Environment Scotland
linlithgow-scotland,Linlithgow,inside_locality,LB37504,hes-listed-building:LB37504,"Lindisfarne, Union Road, Linlithgow","UNION  ROAD, LINDISFARNE WITH BOUNDARY WALLS AND GATE",Category B,Listed Building,Listed Building,-3.6074266778265898,55.974997485502094,high,Early 19th century,estimated_from_authoritative_source,medium,https://portal.historicenvironment.scot/designation/LB37504,2026-07-31T22:47:50.134Z,Historic Environment Scotland
linlithgow-scotland,Linlithgow,inside_locality,LB37505,hes-listed-building:LB37505,"St John's Evangelical Church, Union Road, Linlithgow","UNION ROAD, ST JOHN'S EVANGELICAL CHURCH",Category C,Listed Building,Listed Building,-3.607095540390669,55.97512760875355,high,1840,estimated_from_authoritative_source,medium,https://portal.historicenvironment.scot/designation/LB37505,2026-07-31T22:47:50.134Z,Historic Environment Scotland
linlithgow-scotland,Linlithgow,inside_locality,LB37506,hes-listed-building:LB37506,"The Black Bitch Hotel, 12-14 West Port, Linlithgow","12, 14 WEST PORT THE BLACK BITCH HOTEL",Category C,Listed Building,Listed Building,-3.6111031851736426,55.97592895411505,high,No. 12 early 19th century; No. 14 earlier 19th century,estimated_from_authoritative_source,medium,https://portal.historicenvironment.scot/designation/LB37506,2026-07-31T22:47:50.134Z,Historic Environment Scotland
linlithgow-scotland,Linlithgow,inside_locality,LB37507,hes-listed-building:LB37507,"26 West Port, Linlithgow",26 WEST PORT,Category C,Listed Building,Listed Building,-3.6119710993387892,55.97598949291052,high,Early 19th century,estimated_from_authoritative_source,medium,https://portal.historicenvironment.scot/designation/LB37507,2026-07-31T22:47:50.134Z,Historic Environment Scotland
linlithgow-scotland,Linlithgow,heritage_buffer,LB37508,hes-listed-building:LB37508,"Bridge No. 42, Union Canal, Linlithgow","WILCOXHOLM, EDINBURGH AND GLASGOW UNION CANAL BRIDGE 42",Category B,Listed Building,Listed Building,-3.5725176987758256,55.97722709972868,high,"Hugh Baird engineer, circa 1820",estimated_from_authoritative_source,medium,https://portal.historicenvironment.scot/designation/LB37508,2026-07-31T22:47:50.134Z,Historic Environment Scotland
linlithgow-scotland,Linlithgow,inside_locality,LB46268,hes-listed-building:LB46268,"Railway Wall & Railway Bridge, Union Road, Linlithgow","UNION ROAD, RAILWAY WALL (TO N OF TRACK) INCLUDING RAIL BRIDGE TO E",Category C,Listed Building,Listed Building,-3.6005542178503043,55.975832775200246,high,Circa 1840 with later additions and alterations,estimated_from_authoritative_source,medium,https://portal.historicenvironment.scot/designation/LB46268,2026-07-31T22:47:50.134Z,Historic Environment Scotland
linlithgow-scotland,Linlithgow,inside_locality,LB47560,hes-listed-building:LB47560,"261-263 High Street, Linlithgow","259, 261 HIGH STREET",Category B,Listed Building,Listed Building,-3.6078148230108598,55.97585508140308,high,Early 19th century,estimated_from_authoritative_source,medium,https://portal.historicenvironment.scot/designation/LB47560,2026-07-31T22:47:50.134Z,Historic Environment Scotland
linlithgow-scotland,Linlithgow,heritage_buffer,LB50804,hes-listed-building:LB50804,Glenavon House,"LINLITHGOW BRIDGE, GLENAVON HOUSE",Category B,Listed Building,Listed Building,-3.6326461944835255,55.97869171127535,high,Dated 1886,documented_construction,high,https://portal.historicenvironment.scot/designation/LB50804,2026-07-31T22:47:50.134Z,Historic Environment Scotland
linlithgow-scotland,Linlithgow,inside_locality,LB52635,hes-listed-building:LB52635,"Low Port Centre with James Cumming mural, 1 Blackness Road, Linlithgow","The Low Port Centre, with mural by James Cumming, 1 Blackness Road, Linlithgow",Category B,Listed Building,Listed Building,-3.5968847645863704,55.977399014658715,medium,The Low Port Centre building was designed by Wheeler & Sproson around 1983 and built 1986-88,estimated_from_authoritative_source,medium,https://portal.historicenvironment.scot/designation/LB52635,2026-07-31T22:47:50.134Z,Historic Environment Scotland
